{
    "Supplier Information": {
        "Vendor Name": "Nutrition Formulators",
        "Supplier Name": null,
        "Supplier Code": null,
        "Raw Material Supplier": null,
        "RM Supplier Code": null,
        "Key RM Identifiers": null
    },
    "Product/Raw Material Information": {
        "Name": "CS263026 Astaxanthin 5",
        "Product Code": null,
        "Ingredient Type": null,
        "Potency": null,
        "Category": null,
        "CAS Number": null,
        "Botanical Name": null,
        "Active Ingredient": "Astaxanthin",
        "Active Ingredient %": "12300 mcg/g Astaxanthin from Di-esters, 54900 mcg/g Total Astaxanthin, 1640 mcg/g Free Astaxanthin, 41000 mcg/g Astaxanthin from Mono-esters",
        "Unit of Measure": "mcg/g",
        "Form": null
    },
    "Nutrition Information": {
        "Nutrient Values": null,
        "Calories": null,
        "Protein": null,
        "Fat": null,
        "Carbohydrates": null,
        "Dietary Fiber": null,
        "Vitamins": null,
        "Minerals": null,
        "Amino Acids": null
    },
    "Physical Properties": {
        "Technical Details": null,
        "Raw Material Color": null,
        "Bulk Density": null,
        "Tap Density": null,
        "pH": null,
        "Water Activity": null,
        "Loss on Drying": null,
        "Residue": null,
        "Soluble in": null
    },
    "Heavy Metals": {
        "Heavy Metal Concentrations": null,
        "Lead": null,
        "Cadmium": null,
        "Arsenic": null,
        "Mercury": null
    },
    "Contaminants and Allergens": {
        "Allergens": null,
        "Dietary Restrictions": null,
        "Non-GMO": null,
        "Vegan": null,
        "Kosher": null,
        "Organic": null,
        "NSF Sport": null,
        "Prop 65": null,
        "Halal": null,
        "CFU": null,
        "IU": null,
        "Enzyme Potency": null
    },
    "Lab Test Definitions": {
        "Specific tests or methods used to evaluate the quality or purity of raw materials": "YI00H - Astaxanthin (Esterified)",
        "Assay Requirement": null,
        "Excepient Pairing": null,
        "Effective Dosage": null
    },
    "Miscellaneous Information": {
        "Country of Origin": null,
        "Substantiated Claims": null,
        "Trademark Clause": null,
        "Carrier": null
    },
    "Report Number": "3665813-0",
    "Report Date": "11-May-2022",
    "Report Status": "Final",
    "Sample Name": "CS263026 Astaxanthin 5",
    "Sample": "11727880",
    "Project ID": "NUTRI_FORM-20220506-0066",
    "PO Number": "05062022",
    "Lot Number": "NUTR2204086",
    "Description": "TEST",
    "Receipt Date": "09-May-2022",
    "Receipt Condition": "Ambient temperature",
    "Login Date": "06-May-2022",
    "Date Started": "09-May-2022",
    "Sample results apply as received": "Sampled",
    "Online Order": "12047-1737EABC",
    "Analysis Result": "YI00H - Astaxanthin (Esterified)\n12300 mcg/g Astaxanthin from Di-esters\n54900 mcg/g Total Astaxanthin\n1640 mcg/g Free Astaxanthin\n41000 mcg/g Astaxanthin from Mono-esters",
    "Testing Location": "Eurofins Craft Technologies, Inc. YI00H - Astaxanthin (Esterified) (ICO_CRAFT)\n4344 Frank Price Church Road Wilson, NC 27893 USA",
    "Testing Location(s) Released on Behalf of Eurofins by": "Food Integrity Innovation-Brea\nEurofins Food Chemistry Testing US, Inc.\n2951 Saturn Street\n Unit C\nBrea CA 92821\n800-675-8375  Robert Grahn - Manager",
    "Certificate of Analysis": "Na Text"
}