{
    "Supplier Information": {
        "Vendor Name": "YINLINK INTERNATIONAL",
        "Supplier Name": "Shandong Focuschem Biotech Co., Ltd",
        "Supplier Code": "N/A",
        "Raw Material Supplier": "N/A",
        "RM Supplier Code": "N/A",
        "Key RM Identifiers": "N/A"
    },
    "Product/Raw Material Information": {
        "Name": "Sodium Hyaluronate",
        "Product Code": "N/A",
        "Ingredient Type": "N/A",
        "Potency": "N/A",
        "Category": "Food Grade",
        "CAS Number": "N/A",
        "Botanical Name": "N/A",
        "Active Ingredient": "N/A",
        "Active Ingredient %": "> 95%",
        "Unit of Measure": "N/A",
        "Form": "White or almost white powder or granule"
    },
    "Nutrition Information": {
        "Nutrient Values": "N/A",
        "Calories": "N/A",
        "Protein": "<0.1%",
        "Fat": "N/A",
        "Carbohydrates": "N/A",
        "Dietary Fiber": "N/A",
        "Vitamins": "N/A",
        "Minerals": "N/A",
        "Amino Acids": "N/A"
    },
    "Physical Properties": {
        "Technical Details": "N/A",
        "Raw Material Color": "N/A",
        "Bulk Density": "N/A",
        "Tap Density": "N/A",
        "pH": "5.0-8.5",
        "Water Activity": "N/A",
        "Loss on Drying": "<10.0%",
        "Residue": "<20.0%",
        "Soluble in": "N/A"
    },
    "Heavy Metals": {
        "Heavy Metal Concentrations": "N/A",
        "Lead": "<20ppm",
        "Cadmium": "<10ppm",
        "Arsenic": "<2ppm",
        "Mercury": "N/A"
    },
    "Contaminants and Allergens": {
        "Allergens": "N/A",
        "Dietary Restrictions": "N/A",
        "Non-GMO": "N/A",
        "Vegan": "N/A",
        "Kosher": "N/A",
        "Organic": "N/A",
        "NSF Sport": "N/A",
        "Prop 65": "N/A",
        "Halal": "N/A",
        "CFU": "<100CFU/g",
        "IU": "N/A",
        "Enzyme Potency": "N/A"
    },
    "Lab Test Definitions": {
        "Specific tests or methods used to evaluate the quality or purity of raw materials": "N/A",
        "Assay Requirement": "N/A",
        "Excepient Pairing": "N/A",
        "Effective Dosage": "N/A"
    },
    "Miscellaneous Information": {
        "Country of Origin": "N/A",
        "Substantiated Claims": "N/A",
        "Trademark Clause": "N/A",
        "Carrier": "N/A"
    }
}