{
    "Supplier Information": {
        "Vendor Name": "Nutrition Formulators",
        "Supplier Name": "",
        "Supplier Code": "",
        "Raw Material Supplier": "",
        "RM Supplier Code": "",
        "Key RM Identifiers": ""
    },
    "Product/Raw Material Information": {
        "Name": "VITAMIN D3",
        "Product Code": "",
        "Ingredient Type": "",
        "Potency": "",
        "Category": "",
        "CAS Number": "",
        "Botanical Name": "",
        "Active Ingredient": "",
        "Active Ingredient %": "",
        "Unit of Measure": "IU/g",
        "Form": ""
    },
    "Nutrition Information": {
        "Nutrient Values": "",
        "Calories": "",
        "Protein": "",
        "Fat": "",
        "Carbohydrates": "",
        "Dietary Fiber": "",
        "Vitamins": "",
        "Minerals": "",
        "Amino Acids": ""
    },
    "Physical Properties": {
        "Technical Details": "",
        "Raw Material Color": "",
        "Bulk Density": "",
        "Tap Density": "",
        "pH": "",
        "Water Activity": "",
        "Loss on Drying": "",
        "Residue": "",
        "Soluble in": ""
    },
    "Heavy Metals": {
        "Heavy Metal Concentrations": "",
        "Lead": "",
        "Cadmium": "",
        "Arsenic": "",
        "Mercury": ""
    },
    "Contaminants and Allergens": {
        "Allergens": "",
        "Dietary Restrictions": "",
        "Non-GMO": "",
        "Vegan": "",
        "Kosher": "",
        "Organic": "",
        "NSF Sport": "",
        "Prop 65": "",
        "Halal": "",
        "CFU": "",
        "IU": "",
        "Enzyme Potency": ""
    },
    "Lab Test Definitions": {
        "Specific tests or methods used to evaluate the quality or purity of raw materials": "",
        "Assay Requirement": "",
        "Excepient Pairing": "",
        "Effective Dosage": ""
    },
    "Miscellaneous Information": {
        "Country of Origin": "",
        "Substantiated Claims": "",
        "Trademark Clause": "",
        "Carrier": ""
    },
    "Report Number": "3681121-0",
    "Report Date": "24-May-2022",
    "Report Status": "Final",
    "Sample Name": "R0545 VITAMIN D3 Eurofins Sample",
    "Project ID": "NUTRI_FORM-20220517-0072",
    "PO Number": "05172022-1",
    "Lot Number": "Sup.lot: SDS202106301A",
    "Description": "SAMPLE FARBEST18-May-2022",
    "Receipt Date": "17-May-2022",
    "Receipt Condition": "Cold on Wet Ice or Ice Packs",
    "Login Date": "17-May-2022",
    "Date Started": "18-May-2022",
    "Sample results apply as received": "Sampled",
    "Online Order": "12047-17468388",
    "Analysis Result": {
        "Vitamin D by LCMS": {
            "112000 IU/g Total Vitamin D3": "",
            "Method References": [
                "Testing Location",
                "Food Integrity Innovation-Madison",
                "Vitamin D by LCMS (VDMS_S)",
                "6304 Ronald Reagan Ave",
                "Madison, WI 53704 USA",
                "Official Methods of Analysis of AOAC INTERNATIONAL, Current Ed., Method 2011.11,",
                "AOAC INTERNATIONAL, Gaithersburg, MD, USA.",
                "Huang, M., Laluzerne, P., Winters, D., Sullivan, D., \u201cMeasurement of Vitamin D in Foods and Nutritional Supplements by Liquid Chromatography/Tandem Mass Spectrometry,\u201d Journal of AOAC International, Volume (92). No. 5:1327-1335 (2009)."
            ]
        }
    },
    "Testing Location(s)": "Released on Behalf of Eurofins by Edward Ladwig - President Eurofins Food Chemistry Testing MadisonFood Integrity Innovation-Madison Eurofins Food Chemistry Testing Madison, Inc. 6304 Ronald Reagan Ave Madison WI 53704 800-675-8375",
    "2918.01": "",
    "Certificate of Analysis": "Na Text"
}