{
    "Supplier Information": {
        "Vendor Name": "NUTRIAVENUE",
        "Supplier Name": "",
        "Supplier Code": "",
        "Raw Material Supplier": "",
        "RM Supplier Code": "",
        "Key RM Identifiers": ""
    },
    "Product/Raw Material Information": {
        "Name": "5-HTP",
        "Product Code": "",
        "Ingredient Type": "",
        "Potency": "",
        "Category": "",
        "CAS Number": "",
        "Botanical Name": "",
        "Active Ingredient": "",
        "Active Ingredient %": "\u226599%",
        "Unit of Measure": "",
        "Form": "White to Off -white crystallized powder"
    },
    "Nutrition Information": {
        "Nutrient Values": "",
        "Calories": "",
        "Protein": "",
        "Fat": "",
        "Carbohydrates": "",
        "Dietary Fiber": "",
        "Vitamins": "",
        "Minerals": "",
        "Amino Acids": ""
    },
    "Physical Properties": {
        "Technical Details": "",
        "Raw Material Color": "",
        "Bulk Density": "\u22650.38g/ml",
        "Tap Density": "\u22650.58g/ml",
        "pH": "",
        "Water Activity": "",
        "Loss on Drying": "\u22640.5%",
        "Residue": "",
        "Soluble in": "\u226510mg/ml"
    },
    "Heavy Metals": {
        "Heavy Metal Concentrations": "",
        "Lead": "<0.5ppm",
        "Cadmium": "<0.1ppm",
        "Arsenic": "<0.5ppm",
        "Mercury": "<0.1ppm"
    },
    "Contaminants and Allergens": {
        "Allergens": "",
        "Dietary Restrictions": "",
        "Non-GMO": "",
        "Vegan": "",
        "Kosher": "",
        "Organic": "",
        "NSF Sport": "",
        "Prop 65": "",
        "Halal": "",
        "CFU": "",
        "IU": "",
        "Enzyme Potency": ""
    },
    "Lab Test Definitions": {
        "Specific tests or methods used to evaluate the quality or purity of raw materials": "",
        "Assay Requirement": "",
        "Excepient Pairing": "",
        "Effective Dosage": ""
    },
    "Miscellaneous Information": {
        "Country of Origin": "CHINA SHANGHAI",
        "Substantiated Claims": "",
        "Trademark Clause": "",
        "Carrier": ""
    }
}