{
    "Supplier Information": {
        "Vendor Name": "Novotech Nutraceuticals, Inc.",
        "Supplier Name": "Novotech Nutraceuticals, Inc.",
        "Supplier Code": "Na Text",
        "Raw Material Supplier": "Na Text",
        "RM Supplier Code": "Na Text",
        "Key RM Identifiers": "Na Text"
    },
    "Product/Raw Material Information": {
        "Name": "NovoMin NutraPure Copper Amino Acid Chelate",
        "Product Code": "1081-10.0",
        "Ingredient Type": "Na Text",
        "Potency": "Na Text",
        "Category": "Na Text",
        "CAS Number": "Na Text",
        "Botanical Name": "Na Text",
        "Active Ingredient": "Copper",
        "Active Ingredient %": "10%",
        "Unit of Measure": "Na Text",
        "Form": "Fine Powder"
    },
    "Nutrition Information": {
        "Nutrient Values": "Na Text",
        "Calories": "Na Text",
        "Protein": "Na Text",
        "Fat": "Na Text",
        "Carbohydrates": "Na Text",
        "Dietary Fiber": "Na Text",
        "Vitamins": "Na Text",
        "Minerals": "Na Text",
        "Amino Acids": "Na Text"
    },
    "Physical Properties": {
        "Technical Details": "Na Text",
        "Raw Material Color": "Blue",
        "Bulk Density": "0.45-1.05 g/cc",
        "Tap Density": "Na Text",
        "pH": "6-9",
        "Water Activity": "Na Text",
        "Loss on Drying": "<4%",
        "Residue": "Na Text",
        "Soluble in": "Not soluble"
    },
    "Heavy Metals": {
        "Heavy Metal Concentrations": "Na Text",
        "Lead": "<1.0 ppm",
        "Cadmium": "<1.0 ppm",
        "Arsenic": "<1.0 ppm",
        "Mercury": "<0.5 ppm"
    },
    "Contaminants and Allergens": {
        "Allergens": "Na Text",
        "Dietary Restrictions": "Na Text",
        "Non-GMO": "Na Text",
        "Vegan": "Na Text",
        "Kosher": "Na Text",
        "Organic": "Na Text",
        "NSF Sport": "Na Text",
        "Prop 65": "Na Text",
        "Halal": "Na Text",
        "CFU": "<300",
        "IU": "Na Text",
        "Enzyme Potency": "Na Text"
    },
    "Lab Test Definitions": {
        "Specific tests or methods used to evaluate the quality or purity of raw materials": "ICP/MS, USP, AOAC",
        "Assay Requirement": "Na Text",
        "Excepient Pairing": "Na Text",
        "Effective Dosage": "Na Text"
    },
    "Miscellaneous Information": {
        "Country of Origin": "U.S.A",
        "Substantiated Claims": "Na Text",
        "Trademark Clause": "Na Text",
        "Carrier": "Na Text"
    }
}