{
    "Supplier Information": {
        "Vendor Name": "CHENGDUXINGUANGBIOTECHCO.,LTD.",
        "Supplier Name": "N/A",
        "Supplier Code": "N/A",
        "Raw Material Supplier": "N/A",
        "RM Supplier Code": "N/A",
        "Key RM Identifiers": "N/A"
    },
    "Product/Raw Material Information": {
        "Name": "PassionFlowerExtract",
        "Product Code": "N/A",
        "Ingredient Type": "N/A",
        "Potency": "N/A",
        "Category": "N/A",
        "CAS Number": "N/A",
        "Botanical Name": "Passifloraincarnata",
        "Active Ingredient": "N/A",
        "Active Ingredient %": "N/A",
        "Unit of Measure": "N/A",
        "Form": "N/A"
    },
    "Nutrition Information": {
        "Nutrient Values": "N/A",
        "Calories": "N/A",
        "Protein": "N/A",
        "Fat": "N/A",
        "Carbohydrates": "N/A",
        "Dietary Fiber": "N/A",
        "Vitamins": "N/A",
        "Minerals": "N/A",
        "Amino Acids": "N/A"
    },
    "Physical Properties": {
        "Technical Details": "N/A",
        "Raw Material Color": "Brown Yellow",
        "Bulk Density": "N/A",
        "Tap Density": "N/A",
        "pH": "N/A",
        "Water Activity": "N/A",
        "Loss on Drying": "\u22645.0\uff05",
        "Residue": "N/A",
        "Soluble in": "N/A"
    },
    "Heavy Metals": {
        "Heavy Metal Concentrations": "N/A",
        "Lead": "0.9ppm",
        "Cadmium": "0.01ppm",
        "Arsenic": "1.0ppm",
        "Mercury": "0.01ppm"
    },
    "Contaminants and Allergens": {
        "Allergens": "N/A",
        "Dietary Restrictions": "N/A",
        "Non-GMO": "Complies",
        "Vegan": "N/A",
        "Kosher": "N/A",
        "Organic": "N/A",
        "NSF Sport": "N/A",
        "Prop 65": "N/A",
        "Halal": "N/A",
        "CFU": "N/A",
        "IU": "N/A",
        "Enzyme Potency": "N/A"
    },
    "Lab Test Definitions": {
        "Specific tests or methods used to evaluate the quality or purity of raw materials": "N/A",
        "Assay Requirement": "N/A",
        "Excepient Pairing": "N/A",
        "Effective Dosage": "N/A"
    },
    "Miscellaneous Information": {
        "Country of Origin": "China",
        "Substantiated Claims": "N/A",
        "Trademark Clause": "N/A",
        "Carrier": "N/A"
    },
    "Produce Information": {
        "Quantity": "800KG",
        "LotNumber": "XFL-200721",
        "AnalysisDate": "July21,2020",
        "ManufactureDate": "July21,2020",
        "ExpiryDate": "July20,2023",
        "SolventsUsed": "Water",
        "UsedPart": "Flower"
    },
    "Physical and Chemical Analysis": {
        "Description": "BrownYellowPowder",
        "ExtractRatio": "10:1",
        "MeshSize": "100\uff05pass80mesh",
        "AshContent": "\u22645.0\uff05",
        "LossonDrying": "\u22645.0\uff05"
    },
    "Residue Analysis": {
        "HeavyMetals": "NMT10ppm",
        "Arsenic(As)": "NMT2ppm 1.0ppm",
        "Lead(Pb)": "NMT2ppm 0.9ppm",
        "Mercury(Hg)": "NMT1ppm 0.01ppm",
        "Cadmium(Cd)": "NMT1ppm 0.01ppm"
    },
    "Microbiological": {
        "TotalPlateCount": "\u22643,000cfu/g 100cfu/g",
        "Yeast&Mold": "\u2264100cfu/g 10cfu/g",
        "E.coli": "Negative Negative",
        "Salmonella": "Negative Negative"
    },
    "General Status": {
        "GMOFree": "Complies Complies",
        "Non-Irradiation": "Complies Complies"
    },
    "General Information": {
        "Conclusion": "Conformtospecification.",
        "Packing": "Packedinpaper-drumsandtwoplastic-bagsinside.N.W:25kgs.I.D.35\u00d7H51cm;",
        "Storage": "Keepincool&dryplace.Keepawayfromstronglightandheat.",
        "Shelflife": "36monthsundertheconditionsaboveandinitsoriginalpackaging.",
        "Sterilization": "Hightemperature.",
        "QualityAssuranceOffice": "XIAOLEIWANG",
        "Analyst": "YUANWANG"
    }
}