{
    "Supplier Information": {
        "Vendor Name": "Centian Daesang Corporation",
        "Supplier Name": "Driven By Nature",
        "Supplier Code": "",
        "Raw Material Supplier": "",
        "RM Supplier Code": "",
        "Key RM Identifiers": ""
    },
    "Product/Raw Material Information": {
        "Name": "Chlorella powder(Broken cell wall)",
        "Product Code": "",
        "Ingredient Type": "",
        "Potency": "",
        "Category": "",
        "CAS Number": "",
        "Botanical Name": "",
        "Active Ingredient": "",
        "Active Ingredient %": "",
        "Unit of Measure": "",
        "Form": "Green powder"
    },
    "Nutrition Information": {
        "Nutrient Values": "",
        "Calories": "",
        "Protein": "56.46 %",
        "Fat": "",
        "Carbohydrates": "",
        "Dietary Fiber": "",
        "Vitamins": "",
        "Minerals": "",
        "Amino Acids": ""
    },
    "Physical Properties": {
        "Technical Details": "",
        "Raw Material Color": "",
        "Bulk Density": "0.43 g/ml",
        "Tap Density": "0.56 g/ml",
        "pH": "",
        "Water Activity": "",
        "Loss on Drying": "4.33 %",
        "Residue": "4.63 %",
        "Soluble in": ""
    },
    "Heavy Metals": {
        "Heavy Metal Concentrations": "",
        "Lead": "max. 10 ppm",
        "Cadmium": "max. 0.1 ppm",
        "Arsenic": "max. 0.1 ppm",
        "Mercury": "max. 0.05 ppm"
    },
    "Contaminants and Allergens": {
        "Allergens": "",
        "Dietary Restrictions": "",
        "Non-GMO": "",
        "Vegan": "",
        "Kosher": "",
        "Organic": "",
        "NSF Sport": "",
        "Prop 65": "",
        "Halal": "",
        "CFU": "max. 1,000 cfu/g",
        "IU": "",
        "Enzyme Potency": ""
    },
    "Lab Test Definitions": {
        "Specific tests or methods used to evaluate the quality or purity of raw materials": "",
        "Assay Requirement": "",
        "Excepient Pairing": "",
        "Effective Dosage": ""
    },
    "Miscellaneous Information": {
        "Country of Origin": "South Korea",
        "Substantiated Claims": "",
        "Trademark Clause": "",
        "Carrier": ""
    }
}