{
    "Supplier Information": {
        "Vendor Name": "Wellness Nutrition Co., Limited",
        "Supplier Name": "",
        "Supplier Code": "",
        "Raw Material Supplier": "",
        "RM Supplier Code": "",
        "Key RM Identifiers": ""
    },
    "Product/Raw Material Information": {
        "Name": "Adenosine 5'-monophosphate (AMP)",
        "Product Code": "",
        "Ingredient Type": "",
        "Potency": "",
        "Category": "",
        "CAS Number": "",
        "Botanical Name": "",
        "Active Ingredient": "",
        "Active Ingredient %": "",
        "Unit of Measure": "",
        "Form": "White Powder"
    },
    "Nutrition Information": {
        "Nutrient Values": "",
        "Calories": "",
        "Protein": "",
        "Fat": "",
        "Carbohydrates": "",
        "Dietary Fiber": "",
        "Vitamins": "",
        "Minerals": "",
        "Amino Acids": ""
    },
    "Physical Properties": {
        "Technical Details": "",
        "Raw Material Color": "",
        "Bulk Density": "",
        "Tap Density": "",
        "pH": "2.8",
        "Water Activity": "",
        "Loss on Drying": "4.5%",
        "Residue": "",
        "Soluble in": ""
    },
    "Heavy Metals": {
        "Heavy Metal Concentrations": "",
        "Lead": "Conforms",
        "Cadmium": "",
        "Arsenic": "",
        "Mercury": ""
    },
    "Contaminants and Allergens": {
        "Allergens": "",
        "Dietary Restrictions": "",
        "Non-GMO": "",
        "Vegan": "",
        "Kosher": "",
        "Organic": "",
        "NSF Sport": "",
        "Prop 65": "",
        "Halal": "",
        "CFU": "",
        "IU": "",
        "Enzyme Potency": ""
    },
    "Lab Test Definitions": {
        "Specific tests or methods used to evaluate the quality or purity of raw materials": "",
        "Assay Requirement": "",
        "Excepient Pairing": "",
        "Effective Dosage": ""
    },
    "Miscellaneous Information": {
        "Country of Origin": "",
        "Substantiated Claims": "",
        "Trademark Clause": "",
        "Carrier": ""
    },
    "Certificate of Analysis": {
        "Batch No.": "2006 12",
        "Batch Quantity": "500kg",
        "Manufacture Date": "June 12th,2020",
        "Retested Date": "June 11th,2023",
        "Appearance": "White or almost white crystalline powder, slightly soluble in water, insoluble in ethanol",
        "Identification": {
            "Max. absorption at 256~258nm": "257.1nm",
            "A250/A260": "0.82~0.88",
            "A280/A260": "0.19~0.23",
            "Result": {
                "A250/A260": "0.85",
                "A280/A260": "0.21"
            }
        },
        "Assay (UV)": {
            "Specification": "\u2265 98%",
            "Result": "98.6%"
        },
        "Purity (HPLC)": {
            "Specification": "\u2265 98%",
            "Result": "98.8%"
        },
        "Transmittance of solution": {
            "Specification": "\u2265 95%",
            "Result": "99.7%"
        },
        "Loss on drying": {
            "Specification": "\u22646.0%",
            "Result": "4.5%"
        },
        "Heavy metals": {
            "Specification": "\u226410 ppm",
            "Result": "Conforms"
        },
        "Total plate count": {
            "Specification": "\u2264 600 cfu/g",
            "Result": "100 cfu/g"
        },
        "pH": {
            "Specification": "2.0 to 3.5",
            "Result": "2.8"
        },
        "Remarks": "This product complies with Enterprise standard."
    },
    "Storage and Handling": "Keep it sealed in original packaging. Store in cool and dry place, and keep away from heat and sunlight."
}