{
    "Supplier Information": {
        "Vendor Name": "Novotech Nutraceuticals, Inc.",
        "Supplier Name": "Novotech Nutraceuticals, Inc.",
        "Supplier Code": "Na Text",
        "Raw Material Supplier": "Na Text",
        "RM Supplier Code": "Na Text",
        "Key RM Identifiers": "Na Text"
    },
    "Product/Raw Material Information": {
        "Name": "NovoMin NutraPure Ferrous Gluconate (USP -EU)",
        "Product Code": "1144",
        "Ingredient Type": "Na Text",
        "Potency": "Na Text",
        "Category": "Na Text",
        "CAS Number": "Na Text",
        "Botanical Name": "Na Text",
        "Active Ingredient": "Na Text",
        "Active Ingredient %": "12%",
        "Unit of Measure": "Na Text",
        "Form": "Na Text"
    },
    "Nutrition Information": {
        "Nutrient Values": "Na Text",
        "Calories": "Na Text",
        "Protein": "Na Text",
        "Fat": "Na Text",
        "Carbohydrates": "Na Text",
        "Dietary Fiber": "Na Text",
        "Vitamins": "Na Text",
        "Minerals": "Na Text",
        "Amino Acids": "Na Text"
    },
    "Physical Properties": {
        "Technical Details": "Na Text",
        "Raw Material Color": "Green to off-green",
        "Bulk Density": "Not less than 0.50 g/cc",
        "Tap Density": "Na Text",
        "pH": "4-6",
        "Water Activity": "Na Text",
        "Loss on Drying": "10.0%",
        "Residue": "Na Text",
        "Soluble in": "Soluble to Moderately Soluble"
    },
    "Heavy Metals": {
        "Heavy Metal Concentrations": "Na Text",
        "Lead": "<2.0 ppm",
        "Cadmium": "<0.5 ppm",
        "Arsenic": "<2.0 ppm",
        "Mercury": "<0.1 ppm"
    },
    "Contaminants and Allergens": {
        "Allergens": "Na Text",
        "Dietary Restrictions": "Na Text",
        "Non-GMO": "Na Text",
        "Vegan": "Na Text",
        "Kosher": "Na Text",
        "Organic": "Na Text",
        "NSF Sport": "Na Text",
        "Prop 65": "Na Text",
        "Halal": "Na Text",
        "CFU": "Na Text",
        "IU": "Na Text",
        "Enzyme Potency": "Na Text"
    },
    "Lab Test Definitions": {
        "Specific tests or methods used to evaluate the quality or purity of raw materials": "Na Text",
        "Assay Requirement": "Conformed",
        "Excepient Pairing": "Na Text",
        "Effective Dosage": "Na Text"
    },
    "Miscellaneous Information": {
        "Country of Origin": "U.S.A.",
        "Substantiated Claims": "Na Text",
        "Trademark Clause": "Na Text",
        "Carrier": "Na Text"
    }
}