{
    "Supplier Information": {
        "Vendor Name": "zHEJANG GARDE",
        "Supplier Name": "HIGH\u00a1\u00b9 CO\u00a1\u00a3,LTD\u00a1\u00a3",
        "Supplier Code": "Na Text: \u00d5\u00e3\u00bd\u00ad\u00bb\u00a8\u00d4\u00b0\u00c9\u00fa\u00ce\u00ef",
        "Raw Material Supplier": "Na Text: \u00d5\u00e3\u00bd\u00ad\u00bb\u00a8\u00d4\u00b0\u00c9\u00fa\u00ce\u00ef",
        "RM Supplier Code": "Na Text: \u00d5\u00e3\u00bd\u00ad\u00bb\u00a8\u00d4\u00b0\u00c9\u00fa\u00ce\u00ef",
        "Key RM Identifiers": "Na Text: \u00d5\u00e3\u00bd\u00ad\u00bb\u00a8\u00d4\u00b0\u00c9\u00fa\u00ce\u00ef"
    },
    "Product/Raw Material Information": {
        "Name": "Na Text: \u00d5\u00e3\u00bd\u00ad\u00bb\u00a8\u00d4\u00b0\u00c9\u00fa\u00ce\u00ef",
        "Product Code": "MO\u00a2\u00c4 1912161A",
        "Ingredient Type": "Na Text: \u00d5\u00e3\u00bd\u00ad\u00bb\u00a8\u00d4\u00b0\u00c9\u00fa\u00ce\u00ef",
        "Potency": "Na Text: \u00d5\u00e3\u00bd\u00ad\u00bb\u00a8\u00d4\u00b0\u00c9\u00fa\u00ce\u00ef",
        "Category": "Na Text: \u00d5\u00e3\u00bd\u00ad\u00bb\u00a8\u00d4\u00b0\u00c9\u00fa\u00ce\u00ef",
        "CAS Number": "Na Text: \u00d5\u00e3\u00bd\u00ad\u00bb\u00a8\u00d4\u00b0\u00c9\u00fa\u00ce\u00ef",
        "Botanical Name": "Na Text: \u00d5\u00e3\u00bd\u00ad\u00bb\u00a8\u00d4\u00b0\u00c9\u00fa\u00ce\u00ef",
        "Active Ingredient": "Na Text: \u00d5\u00e3\u00bd\u00ad\u00bb\u00a8\u00d4\u00b0\u00c9\u00fa\u00ce\u00ef",
        "Active Ingredient %": "Na Text: \u00d5\u00e3\u00bd\u00ad\u00bb\u00a8\u00d4\u00b0\u00c9\u00fa\u00ce\u00ef",
        "Unit of Measure": "Na Text: \u00d5\u00e3\u00bd\u00ad\u00bb\u00a8\u00d4\u00b0\u00c9\u00fa\u00ce\u00ef",
        "Form": "Na Text: \u00d5\u00e3\u00bd\u00ad\u00bb\u00a8\u00d4\u00b0\u00c9\u00fa\u00ce\u00ef"
    },
    "Nutrition Information": {
        "Nutrient Values": "Na Text: \u00d5\u00e3\u00bd\u00ad\u00bb\u00a8\u00d4\u00b0\u00c9\u00fa\u00ce\u00ef",
        "Calories": "Na Text: \u00d5\u00e3\u00bd\u00ad\u00bb\u00a8\u00d4\u00b0\u00c9\u00fa\u00ce\u00ef",
        "Protein": "Na Text: \u00d5\u00e3\u00bd\u00ad\u00bb\u00a8\u00d4\u00b0\u00c9\u00fa\u00ce\u00ef",
        "Fat": "Na Text: \u00d5\u00e3\u00bd\u00ad\u00bb\u00a8\u00d4\u00b0\u00c9\u00fa\u00ce\u00ef",
        "Carbohydrates": "Na Text: \u00d5\u00e3\u00bd\u00ad\u00bb\u00a8\u00d4\u00b0\u00c9\u00fa\u00ce\u00ef",
        "Dietary Fiber": "Na Text: \u00d5\u00e3\u00bd\u00ad\u00bb\u00a8\u00d4\u00b0\u00c9\u00fa\u00ce\u00ef",
        "Vitamins": "Na Text: \u00d5\u00e3\u00bd\u00ad\u00bb\u00a8\u00d4\u00b0\u00c9\u00fa\u00ce\u00ef",
        "Minerals": "Na Text: \u00d5\u00e3\u00bd\u00ad\u00bb\u00a8\u00d4\u00b0\u00c9\u00fa\u00ce\u00ef",
        "Amino Acids": "Na Text: \u00d5\u00e3\u00bd\u00ad\u00bb\u00a8\u00d4\u00b0\u00c9\u00fa\u00ce\u00ef"
    },
    "Physical Properties": {
        "Technical Details": "Na Text: \u00d5\u00e3\u00bd\u00ad\u00bb\u00a8\u00d4\u00b0\u00c9\u00fa\u00ce\u00ef",
        "Raw Material Color": "Clear liquid",
        "Bulk Density": "Na Text: \u00d5\u00e3\u00bd\u00ad\u00bb\u00a8\u00d4\u00b0\u00c9\u00fa\u00ce\u00ef",
        "Tap Density": "Na Text: \u00d5\u00e3\u00bd\u00ad\u00bb\u00a8\u00d4\u00b0\u00c9\u00fa\u00ce\u00ef",
        "pH": "Na Text: \u00d5\u00e3\u00bd\u00ad\u00bb\u00a8\u00d4\u00b0\u00c9\u00fa\u00ce\u00ef",
        "Water Activity": "Na Text: \u00d5\u00e3\u00bd\u00ad\u00bb\u00a8\u00d4\u00b0\u00c9\u00fa\u00ce\u00ef",
        "Loss on Drying": "Na Text: \u00d5\u00e3\u00bd\u00ad\u00bb\u00a8\u00d4\u00b0\u00c9\u00fa\u00ce\u00ef",
        "Residue": "Na Text: \u00d5\u00e3\u00bd\u00ad\u00bb\u00a8\u00d4\u00b0\u00c9\u00fa\u00ce\u00ef",
        "Soluble in": "Na Text: \u00d5\u00e3\u00bd\u00ad\u00bb\u00a8\u00d4\u00b0\u00c9\u00fa\u00ce\u00ef"
    },
    "Heavy Metals": {
        "Heavy Metal Concentrations": "Na Text: \u00d5\u00e3\u00bd\u00ad\u00bb\u00a8\u00d4\u00b0\u00c9\u00fa\u00ce\u00ef",
        "Lead": "100.0~11o,00/\u00a1\u00a3",
        "Cadmium": "Na Text: \u00d5\u00e3\u00bd\u00ad\u00bb\u00a8\u00d4\u00b0\u00c9\u00fa\u00ce\u00ef",
        "Arsenic": "Na Text: \u00d5\u00e3\u00bd\u00ad\u00bb\u00a8\u00d4\u00b0\u00c9\u00fa\u00ce\u00ef",
        "Mercury": "Na Text: \u00d5\u00e3\u00bd\u00ad\u00bb\u00a8\u00d4\u00b0\u00c9\u00fa\u00ce\u00ef"
    },
    "Contaminants and Allergens": {
        "Allergens": "Na Text: \u00d5\u00e3\u00bd\u00ad\u00bb\u00a8\u00d4\u00b0\u00c9\u00fa\u00ce\u00ef",
        "Dietary Restrictions": "Na Text: \u00d5\u00e3\u00bd\u00ad\u00bb\u00a8\u00d4\u00b0\u00c9\u00fa\u00ce\u00ef",
        "Non-GMO": "Na Text: \u00d5\u00e3\u00bd\u00ad\u00bb\u00a8\u00d4\u00b0\u00c9\u00fa\u00ce\u00ef",
        "Vegan": "Na Text: \u00d5\u00e3\u00bd\u00ad\u00bb\u00a8\u00d4\u00b0\u00c9\u00fa\u00ce\u00ef",
        "Kosher": "Na Text: \u00d5\u00e3\u00bd\u00ad\u00bb\u00a8\u00d4\u00b0\u00c9\u00fa\u00ce\u00ef",
        "Organic": "Na Text: \u00d5\u00e3\u00bd\u00ad\u00bb\u00a8\u00d4\u00b0\u00c9\u00fa\u00ce\u00ef",
        "NSF Sport": "Na Text: \u00d5\u00e3\u00bd\u00ad\u00bb\u00a8\u00d4\u00b0\u00c9\u00fa\u00ce\u00ef",
        "Prop 65": "Na Text: \u00d5\u00e3\u00bd\u00ad\u00bb\u00a8\u00d4\u00b0\u00c9\u00fa\u00ce\u00ef",
        "Halal": "Na Text: \u00d5\u00e3\u00bd\u00ad\u00bb\u00a8\u00d4\u00b0\u00c9\u00fa\u00ce\u00ef",
        "CFU": "Na Text: \u00d5\u00e3\u00bd\u00ad\u00bb\u00a8\u00d4\u00b0\u00c9\u00fa\u00ce\u00ef",
        "IU": "Na Text: \u00d5\u00e3\u00bd\u00ad\u00bb\u00a8\u00d4\u00b0\u00c9\u00fa\u00ce\u00ef",
        "Enzyme Potency": "Na Text: \u00d5\u00e3\u00bd\u00ad\u00bb\u00a8\u00d4\u00b0\u00c9\u00fa\u00ce\u00ef"
    },
    "Lab Test Definitions": {
        "Specific tests or methods used to evaluate the quality or purity of raw materials": "Na Text: \u00d5\u00e3\u00bd\u00ad\u00bb\u00a8\u00d4\u00b0\u00c9\u00fa\u00ce\u00ef",
        "Assay Requirement": "Na Text: \u00d5\u00e3\u00bd\u00ad\u00bb\u00a8\u00d4\u00b0\u00c9\u00fa\u00ce\u00ef",
        "Excepient Pairing": "Na Text: \u00d5\u00e3\u00bd\u00ad\u00bb\u00a8\u00d4\u00b0\u00c9\u00fa\u00ce\u00ef",
        "Effective Dosage": "Na Text: \u00d5\u00e3\u00bd\u00ad\u00bb\u00a8\u00d4\u00b0\u00c9\u00fa\u00ce\u00ef"
    },
    "Miscellaneous Information": {
        "Country of Origin": "Na Text: \u00d5\u00e3\u00bd\u00ad\u00bb\u00a8\u00d4\u00b0\u00c9\u00fa\u00ce\u00ef",
        "Substantiated Claims": "Na Text: \u00d5\u00e3\u00bd\u00ad\u00bb\u00a8\u00d4\u00b0\u00c9\u00fa\u00ce\u00ef",
        "Trademark Clause": "Na Text: \u00d5\u00e3\u00bd\u00ad\u00bb\u00a8\u00d4\u00b0\u00c9\u00fa\u00ce\u00ef",
        "Carrier": "Na Text: \u00d5\u00e3\u00bd\u00ad\u00bb\u00a8\u00d4\u00b0\u00c9\u00fa\u00ce\u00ef"
    }
}