{
    "Supplier Information": {
        "Vendor Name": "VIT-BEST NUTRITION, INC.",
        "Supplier Name": "",
        "Supplier Code": "",
        "Raw Material Supplier": "",
        "RM Supplier Code": "",
        "Key RM Identifiers": ""
    },
    "Product/Raw Material Information": {
        "Name": "FRUIT PUNCH N&A 855 8A",
        "Product Code": "",
        "Ingredient Type": "",
        "Potency": "",
        "Category": "",
        "CAS Number": "",
        "Botanical Name": "",
        "Active Ingredient": "",
        "Active Ingredient %": "",
        "Unit of Measure": "",
        "Form": "POWDER"
    },
    "Nutrition Information": {
        "Nutrient Values": "",
        "Calories": "",
        "Protein": "",
        "Fat": "",
        "Carbohydrates": "",
        "Dietary Fiber": "",
        "Vitamins": "",
        "Minerals": "",
        "Amino Acids": ""
    },
    "Physical Properties": {
        "Technical Details": "",
        "Raw Material Color": "",
        "Bulk Density": "N/A",
        "Tap Density": "N/A",
        "pH": "",
        "Water Activity": "",
        "Loss on Drying": "",
        "Residue": "",
        "Soluble in": ""
    },
    "Heavy Metals": {
        "Heavy Metal Concentrations": "",
        "Lead": "",
        "Cadmium": "",
        "Arsenic": "",
        "Mercury": ""
    },
    "Contaminants and Allergens": {
        "Allergens": "",
        "Dietary Restrictions": "",
        "Non-GMO": "",
        "Vegan": "",
        "Kosher": "",
        "Organic": "",
        "NSF Sport": "",
        "Prop 65": "",
        "Halal": "",
        "CFU": "",
        "IU": "",
        "Enzyme Potency": ""
    },
    "Lab Test Definitions": {
        "Specific tests or methods used to evaluate the quality or purity of raw materials": "",
        "Assay Requirement": "",
        "Excepient Pairing": "",
        "Effective Dosage": ""
    },
    "Miscellaneous Information": {
        "Country of Origin": "",
        "Substantiated Claims": "",
        "Trademark Clause": "",
        "Carrier": ""
    },
    "PHYSICAL ASPECTS": {
        "COLOR &  APPEARANCE": "XX CREAM OR PALE YELLOW P OWDER",
        "EXTRANEOUS MATERIAL": "NONE",
        "DENSITY @ 20\u00b0 C": "N/A N/A"
    },
    "ORGANOLEPTIC ANALYSIS": {
        "TASTING MEDIA AND FLAVO R LEVEL": "WATER@ 0.10%",
        "ODOR": "XX SPECIFIC ODOR WHICH CONFORMS TO A CONTROL SAMPLE",
        "FLAVOR": "XX SPECIFIC FLAVOR WHICH CONFORMS TO A CONTROL SAMPLE"
    }
}