{
    "Supplier Information": {
        "Vendor Name": "Nutrisol",
        "Supplier Name": "N/A",
        "Supplier Code": "N/A",
        "Raw Material Supplier": "N/A",
        "RM Supplier Code": "N/A",
        "Key RM Identifiers": "N/A"
    },
    "Product/Raw Material Information": {
        "Name": "L-Selenomethionine Trit 0.5% Se",
        "Product Code": "SE25050106",
        "Ingredient Type": "N/A",
        "Potency": "N/A",
        "Category": "N/A",
        "CAS Number": "N/A",
        "Botanical Name": "N/A",
        "Active Ingredient": "Selenium",
        "Active Ingredient %": "0.50-0.75%",
        "Unit of Measure": "ICP",
        "Form": "N/A"
    },
    "Nutrition Information": {
        "Nutrient Values": "N/A",
        "Calories": "N/A",
        "Protein": "N/A",
        "Fat": "N/A",
        "Carbohydrates": "N/A",
        "Dietary Fiber": "N/A",
        "Vitamins": "N/A",
        "Minerals": "N/A",
        "Amino Acids": "N/A"
    },
    "Physical Properties": {
        "Technical Details": "N/A",
        "Raw Material Color": "N/A",
        "Bulk Density": "0.9 g/ml",
        "Tap Density": "N/A",
        "pH": "N/A",
        "Water Activity": "N/A",
        "Loss on Drying": "NMT 5%",
        "Residue": "N/A",
        "Soluble in": "N/A"
    },
    "Heavy Metals": {
        "Heavy Metal Concentrations": "N/A",
        "Lead": "NMT 1 ppm",
        "Cadmium": "N/A",
        "Arsenic": "N/A",
        "Mercury": "N/A"
    },
    "Contaminants and Allergens": {
        "Allergens": "N/A",
        "Dietary Restrictions": "N/A",
        "Non-GMO": "N/A",
        "Vegan": "N/A",
        "Kosher": "N/A",
        "Organic": "N/A",
        "NSF Sport": "N/A",
        "Prop 65": "N/A",
        "Halal": "N/A",
        "CFU": "N/A",
        "IU": "N/A",
        "Enzyme Potency": "N/A"
    },
    "Lab Test Definitions": {
        "Specific tests or methods used to evaluate the quality or purity of raw materials": "N/A",
        "Assay Requirement": "N/A",
        "Excepient Pairing": "N/A",
        "Effective Dosage": "N/A"
    },
    "Miscellaneous Information": {
        "Country of Origin": "N/A",
        "Substantiated Claims": "N/A",
        "Trademark Clause": "N/A",
        "Carrier": "N/A"
    },
    "Lab Test Results": {
        "Selenium Content": {
            "Specification": "0.50-0.75%",
            "Method": "ICP",
            "Result": "0.57%"
        },
        "Loss on Drying": {
            "Specification": "NMT 5%",
            "Method": "Moisture Balance",
            "Result": "0.1%"
        },
        "Lead": {
            "Specification": "NMT 1 ppm",
            "Method": "ICP-MS",
            "Result": "0.07 ppm"
        },
        "Bulk Density": {
            "Specification": "NLT 0.5 g/ml",
            "Method": "USP",
            "Result": "0.9 g/ml"
        },
        "Particle Size": {
            "Specification": "NLT 95% through 80 Mesh",
            "Method": "Rotap",
            "Result": "100.0%"
        },
        "Microbiology": {
            "Specification": "N/A",
            "Method": "N/A",
            "Result": {
                "Total Plate Count": {
                    "Specification": "NMT 5,000 cfu/g",
                    "Method": "AOAC",
                    "Result": "<100 cfu/g"
                },
                "Yeast": {
                    "Specification": "NMT 300 cfu/g",
                    "Method": "FDA/BAM",
                    "Result": "<100 cfu/g"
                },
                "Mold": {
                    "Specification": "NMT 300 cfu/g",
                    "Method": "FDA/BAM",
                    "Result": "<100 cfu/g"
                },
                "Staph Aureus": {
                    "Specification": "Negative in 10 g",
                    "Method": "FDA/BAM",
                    "Result": "negative"
                },
                "Salmonella": {
                    "Specification": "Negative in 25 g",
                    "Method": "FDA/BAM",
                    "Result": "negative"
                },
                "E. Coli": {
                    "Specification": "Negative in 10 g",
                    "Method": "AOAC",
                    "Result": "negative"
                },
                "Total Coliform": {
                    "Specification": "NMT 50 cfu/g",
                    "Method": "AOAC",
                    "Result": "<10 cfu/g"
                }
            }
        }
    },
    "Certification Information": {
        "Certified By": "IRMA Ramirez",
        "Date": "7/12/21",
        "Company": "Nutrisol, LLC",
        "Address": "2705 N Mule Ranch Road Corinne, UT 84307"
    }
}