{
    "Supplier Information": {
        "Vendor Name": "Prayon",
        "Supplier Name": "Prayon",
        "Supplier Code": "",
        "Raw Material Supplier": "",
        "RM Supplier Code": "",
        "Key RM Identifiers": ""
    },
    "Product/Raw Material Information": {
        "Name": "PRAYPHOS\u2122 DKP FG",
        "Product Code": "",
        "Ingredient Type": "Dipotassium Phosphate",
        "Potency": "",
        "Category": "",
        "CAS Number": "",
        "Botanical Name": "",
        "Active Ingredient": "",
        "Active Ingredient %": "",
        "Unit of Measure": "",
        "Form": "Hygroscopic white powder. Risk of caking."
    },
    "Nutrition Information": {
        "Nutrient Values": "",
        "Calories": "",
        "Protein": "",
        "Fat": "",
        "Carbohydrates": "",
        "Dietary Fiber": "",
        "Vitamins": "",
        "Minerals": "",
        "Amino Acids": ""
    },
    "Physical Properties": {
        "Technical Details": "",
        "Raw Material Color": "",
        "Bulk Density": "1.00 g/cm3",
        "Tap Density": "",
        "pH": "8.8 to 9.3",
        "Water Activity": "",
        "Loss on Drying": "0.80 to 1.20",
        "Residue": "",
        "Soluble in": ""
    },
    "Heavy Metals": {
        "Heavy Metal Concentrations": "",
        "Lead": "1.0 ppm",
        "Cadmium": "1.0 ppm",
        "Arsenic": "1.0 ppm",
        "Mercury": "0.1 ppm"
    },
    "Contaminants and Allergens": {
        "Allergens": "",
        "Dietary Restrictions": "",
        "Non-GMO": "",
        "Vegan": "",
        "Kosher": "Certified as Kosher and Pareve for food use including Passover",
        "Organic": "",
        "NSF Sport": "",
        "Prop 65": "",
        "Halal": "",
        "CFU": "",
        "IU": "",
        "Enzyme Potency": ""
    },
    "Lab Test Definitions": {
        "Specific tests or methods used to evaluate the quality or purity of raw materials": "",
        "Assay Requirement": "",
        "Excepient Pairing": "",
        "Effective Dosage": ""
    },
    "Miscellaneous Information": {
        "Country of Origin": "Les Roches, France",
        "Substantiated Claims": "",
        "Trademark Clause": "",
        "Carrier": ""
    }
}