{
    "Supplier Information": {
        "Vendor Name": "TATE & LYLE",
        "Supplier Name": "UNIVAR USA",
        "Supplier Code": "8500 W 68TH STREET BEDFORD PARK IL 60629",
        "Raw Material Supplier": "APS Grupa LLC",
        "RM Supplier Code": "10459 S Muskegon 60617 Chicago IL US Avenue",
        "Key RM Identifiers": "NA"
    },
    "Product/Raw Material Information": {
        "Name": "SODIUM CITRATE POWDER",
        "Product Code": "2800030227620",
        "Ingredient Type": "NA",
        "Potency": "NA",
        "Category": "NA",
        "CAS Number": "NA",
        "Botanical Name": "NA",
        "Active Ingredient": "NA",
        "Active Ingredient %": "NA",
        "Unit of Measure": "250 LB / 638992 DRUM",
        "Form": "NA"
    },
    "Nutrition Information": {
        "Nutrient Values": "NA",
        "Calories": "NA",
        "Protein": "NA",
        "Fat": "NA",
        "Carbohydrates": "NA",
        "Dietary Fiber": "NA",
        "Vitamins": "NA",
        "Minerals": "NA",
        "Amino Acids": "NA"
    },
    "Physical Properties": {
        "Technical Details": "NA",
        "Raw Material Color": "NA",
        "Bulk Density": "NA",
        "Tap Density": "NA",
        "pH": "8.33",
        "Water Activity": "NA",
        "Loss on Drying": "12.08",
        "Residue": "NA",
        "Soluble in": "NA"
    },
    "Heavy Metals": {
        "Heavy Metal Concentrations": "NA",
        "Lead": "<1",
        "Cadmium": "NA",
        "Arsenic": "<1",
        "Mercury": "NA"
    },
    "Contaminants and Allergens": {
        "Allergens": "NA",
        "Dietary Restrictions": "NA",
        "Non-GMO": "NA",
        "Vegan": "NA",
        "Kosher": "NA",
        "Organic": "NA",
        "NSF Sport": "NA",
        "Prop 65": "NA",
        "Halal": "NA",
        "CFU": "NA",
        "IU": "NA",
        "Enzyme Potency": "NA"
    },
    "Lab Test Definitions": {
        "Specific tests or methods used to evaluate the quality or purity of raw materials": "NA",
        "Assay Requirement": "NA",
        "Excepient Pairing": "NA",
        "Effective Dosage": "NA"
    },
    "Miscellaneous Information": {
        "Country of Origin": "BRAZIL",
        "Substantiated Claims": "NA",
        "Trademark Clause": "NA",
        "Carrier": "NA"
    }
}