{
    "Supplier Information": {
        "Vendor Name": "Nutrisol LLC",
        "Supplier Name": "",
        "Supplier Code": "",
        "Raw Material Supplier": "",
        "RM Supplier Code": "",
        "Key RM Identifiers": ""
    },
    "Product/Raw Material Information": {
        "Name": "Zinc Chelate 20%",
        "Product Code": "ZN36200211",
        "Ingredient Type": "",
        "Potency": "",
        "Category": "",
        "CAS Number": "",
        "Botanical Name": "",
        "Active Ingredient": "",
        "Active Ingredient %": "",
        "Unit of Measure": "",
        "Form": ""
    },
    "Nutrition Information": {
        "Nutrient Values": "",
        "Calories": "",
        "Protein": "",
        "Fat": "",
        "Carbohydrates": "",
        "Dietary Fiber": "",
        "Vitamins": "",
        "Minerals": "",
        "Amino Acids": ""
    },
    "Physical Properties": {
        "Technical Details": "",
        "Raw Material Color": "",
        "Bulk Density": "0.89 g/ml",
        "Tap Density": "",
        "pH": "",
        "Water Activity": "",
        "Loss on Drying": "0.48%",
        "Residue": "",
        "Soluble in": ""
    },
    "Heavy Metals": {
        "Heavy Metal Concentrations": "",
        "Lead": "0.34 ppm",
        "Cadmium": "",
        "Arsenic": "",
        "Mercury": ""
    },
    "Contaminants and Allergens": {
        "Allergens": "",
        "Dietary Restrictions": "",
        "Non-GMO": "",
        "Vegan": "",
        "Kosher": "",
        "Organic": "",
        "NSF Sport": "",
        "Prop 65": "",
        "Halal": "",
        "CFU": "",
        "IU": "",
        "Enzyme Potency": ""
    },
    "Lab Test Definitions": {
        "Specific tests or methods used to evaluate the quality or purity of raw materials": "",
        "Assay Requirement": "",
        "Excepient Pairing": "",
        "Effective Dosage": ""
    },
    "Miscellaneous Information": {
        "Country of Origin": "",
        "Substantiated Claims": "",
        "Trademark Clause": "",
        "Carrier": ""
    },
    "Certificate of Analysis": "",
    "Lot Number": "102231B04",
    "Mfg Date": "31-Oct-22",
    "Retest Date": "31-Oct-25",
    "Requirements": {
        "Specification": {
            "Zinc Content": "20.0 - 25.0%",
            "Loss on Drying": "NMT 5%",
            "Lead": "Less than 0.5 ppm",
            "Particle Size": "",
            "Total Plate Count": "NMT 1,000 cfu/g",
            "Yeast": "NMT 100 cfu/g",
            "Mold": "NMT 100 cfu/g",
            "Staph Aureus": "Negative in 10 g",
            "Salmonella": "Negative in 25 g",
            "E. Coli": "Negative in 10 g",
            "Total Coliform": "NMT 50 cfu/g"
        },
        "Method": {
            "Zinc Content": "ICP",
            "Loss on Drying": "Moisture Balance",
            "Lead": "ICP-MS",
            "Particle Size": "Report Rotap",
            "Total Plate Count": "AOAC",
            "Yeast": "FDA/BAM",
            "Mold": "FDA/BAM",
            "Staph Aureus": "FDA/BAM",
            "Salmonella": "FDA/BAM",
            "E. Coli": "AOAC",
            "Total Coliform": "AOAC"
        },
        "Result": {
            "Zinc Content": "24.9%",
            "Loss on Drying": "0.48%",
            "Lead": "0.34 ppm",
            "Particle Size": {
                "Through 80 Mesh": "91.58%",
                "Through 200 Mesh": "51.42%"
            },
            "Total Plate Count": "<100 cfu/g",
            "Yeast": "<100 cfu/g",
            "Mold": "<100 cfu/g",
            "Staph Aureus": "Negative",
            "Salmonella": "Negative",
            "E. Coli": "Negative",
            "Total Coliform": "<10 cfu/g"
        }
    }
}