{
    "Supplier Information": {
        "Vendor Name": "Efficient Quality Custom Blending Azelis NP",
        "Supplier Name": "Northeast Protech Inc.",
        "Supplier Code": "N/A",
        "Raw Material Supplier": "Marcor Development, LLC",
        "RM Supplier Code": "N/A",
        "Key RM Identifiers": "N/A"
    },
    "Product/Raw Material Information": {
        "Name": "Papain 2M",
        "Product Code": "1076",
        "Ingredient Type": "Enzyme",
        "Potency": "2,000 USP units/mg min.",
        "Category": "N/A",
        "CAS Number": "N/A",
        "Botanical Name": "N/A",
        "Active Ingredient": "Papain",
        "Active Ingredient %": "N/A",
        "Unit of Measure": "mg",
        "Form": "N/A"
    },
    "Nutrition Information": {
        "Nutrient Values": "N/A",
        "Calories": "N/A",
        "Protein": "N/A",
        "Fat": "N/A",
        "Carbohydrates": "N/A",
        "Dietary Fiber": "N/A",
        "Vitamins": "N/A",
        "Minerals": "N/A",
        "Amino Acids": "N/A"
    },
    "Physical Properties": {
        "Technical Details": "N/A",
        "Raw Material Color": "N/A",
        "Bulk Density": "N/A",
        "Tap Density": "N/A",
        "pH": "N/A",
        "Water Activity": "N/A",
        "Loss on Drying": "4.60%",
        "Residue": "N/A",
        "Soluble in": "N/A"
    },
    "Heavy Metals": {
        "Heavy Metal Concentrations": "N/A",
        "Lead": "<10 ppm",
        "Cadmium": "N/A",
        "Arsenic": "<3 ppm",
        "Mercury": "N/A"
    },
    "Contaminants and Allergens": {
        "Allergens": "N/A",
        "Dietary Restrictions": "N/A",
        "Non-GMO": "N/A",
        "Vegan": "N/A",
        "Kosher": "N/A",
        "Organic": "N/A",
        "NSF Sport": "N/A",
        "Prop 65": "N/A",
        "Halal": "N/A",
        "CFU": "<100 CFU/g",
        "IU": "N/A",
        "Enzyme Potency": "N/A"
    },
    "Lab Test Definitions": {
        "Specific tests or methods used to evaluate the quality or purity of raw materials": "N/A",
        "Assay Requirement": "N/A",
        "Excepient Pairing": "N/A",
        "Effective Dosage": "N/A"
    },
    "Miscellaneous Information": {
        "Country of Origin": "USA",
        "Substantiated Claims": "N/A",
        "Trademark Clause": "N/A",
        "Carrier": "Maltodextrin"
    }
}