{
    "Supplier Information": {
        "Vendor Name": "",
        "Supplier Name": "",
        "Supplier Code": "",
        "Raw Material Supplier": "",
        "RM Supplier Code": "",
        "Key RM Identifiers": ""
    },
    "Product/Raw Material Information": {
        "Name": "",
        "Product Code": "",
        "Ingredient Type": "",
        "Potency": "",
        "Category": "",
        "CAS Number": "",
        "Botanical Name": "",
        "Active Ingredient": "",
        "Active Ingredient %": "",
        "Unit of Measure": "",
        "Form": ""
    },
    "Nutrition Information": {
        "Nutrient Values": "",
        "Calories": "",
        "Protein": "",
        "Fat": "",
        "Carbohydrates": "",
        "Dietary Fiber": "",
        "Vitamins": "",
        "Minerals": "",
        "Amino Acids": ""
    },
    "Physical Properties": {
        "Technical Details": "",
        "Raw Material Color": "",
        "Bulk Density": "",
        "Tap Density": "",
        "pH": "",
        "Water Activity": "",
        "Loss on Drying": "",
        "Residue": "",
        "Soluble in": ""
    },
    "Heavy Metals": {
        "Heavy Metal Concentrations": "",
        "Lead": "",
        "Cadmium": "",
        "Arsenic": "",
        "Mercury": ""
    },
    "Contaminants and Allergens": {
        "Allergens": "",
        "Dietary Restrictions": "",
        "Non-GMO": "",
        "Vegan": "",
        "Kosher": "",
        "Organic": "",
        "NSF Sport": "",
        "Prop 65": "",
        "Halal": "",
        "CFU": "",
        "IU": "",
        "Enzyme Potency": ""
    },
    "Lab Test Definitions": {
        "Specific tests or methods used to evaluate the quality or purity of raw materials": "",
        "Assay Requirement": "",
        "Excepient Pairing": "",
        "Effective Dosage": ""
    },
    "Miscellaneous Information": {
        "Country of Origin": "",
        "Substantiated Claims": "",
        "Trademark Clause": "",
        "Carrier": ""
    },
    "AEROBIC PLATE COUNT CFU/g": "732 0 5,000",
    "TOTAL COLIFORMS": "LESS THAN 3/G (MPN)",
    "POWDER COLOR (Visual)": "TAN",
    "E. COLI": "LESS THAN 3/G (MPN)",
    "FLAVOR (TYPICAL)": "BLAND",
    "USS#100 MESH ON %": "1.15 0 15",
    "USS#140 MESH THROUGH %": "91.48 75 100",
    "MOISTURE (INFRARED) %": "7.07 0 12",
    "ODOR (TYPICAL)": "ODORLESS",
    "PH (VISCOSITY SOLUTION)": "pH 6.12 5 8",
    "SALMONELLA - 375g": "NEGATIVE /375G",
    "TEXTURE (QUALITATIVE)": "FREE FLOWING POWDER",
    "VISCOSITY (0.25%,RV@20RPM,25C)": "cps 138 60 280INGREDION INCORPORATED",
    "Certificate of Analysis": {
        "Date": "05/06/2021",
        "Date manufactured": "04/09/2021",
        "Material": "38824906CA Ticaloid OG 1155",
        "Lot No.": "68023070"
    },
    "Customer Shipment Information": {
        "Customer #": "",
        "Customer PO #": "",
        "Customer Ref#": "",
        "Customer Material #": "",
        "Attention to": "",
        "Old TIC code": "TICA OG-1155"
    },
    "Vendor Shipment Address": "4609 RICHLYNN DRIVE BELCAMP MD 21017 USA",
    "COMBINED YEAST AND MOLD CFU/g": "11 0 1,000",
    "EXPIRATION DATE": "20230409",
    "Signature": "",
    "Analysis Unit Results": [
        {
            "Unit": "1/2",
            "Results": "",
            "Minimum": "",
            "Maximum": ""
        },
        {
            "Unit": "2/2",
            "Results": "",
            "Minimum": "",
            "Maximum": ""
        }
    ]
}