{
    "Supplier Information": {
        "Vendor Name": "Nutrition Formulators",
        "Supplier Name": "",
        "Supplier Code": "",
        "Raw Material Supplier": "",
        "RM Supplier Code": "",
        "Key RM Identifiers": ""
    },
    "Product/Raw Material Information": {
        "Name": "CS263132 Q10 Vital Powder 15",
        "Product Code": "",
        "Ingredient Type": "",
        "Potency": "",
        "Category": "",
        "CAS Number": "",
        "Botanical Name": "",
        "Active Ingredient": "Coenzyme Q10",
        "Active Ingredient %": "13.6%",
        "Unit of Measure": "",
        "Form": "Powder"
    },
    "Nutrition Information": {
        "Nutrient Values": "",
        "Calories": "",
        "Protein": "",
        "Fat": "",
        "Carbohydrates": "",
        "Dietary Fiber": "",
        "Vitamins": "",
        "Minerals": "",
        "Amino Acids": ""
    },
    "Physical Properties": {
        "Technical Details": "",
        "Raw Material Color": "",
        "Bulk Density": "",
        "Tap Density": "",
        "pH": "",
        "Water Activity": "",
        "Loss on Drying": "",
        "Residue": "",
        "Soluble in": ""
    },
    "Heavy Metals": {
        "Heavy Metal Concentrations": "",
        "Lead": "",
        "Cadmium": "",
        "Arsenic": "",
        "Mercury": ""
    },
    "Contaminants and Allergens": {
        "Allergens": "",
        "Dietary Restrictions": "",
        "Non-GMO": "",
        "Vegan": "",
        "Kosher": "",
        "Organic": "",
        "NSF Sport": "",
        "Prop 65": "",
        "Halal": "",
        "CFU": "",
        "IU": "",
        "Enzyme Potency": ""
    },
    "Lab Test Definitions": {
        "Specific tests or methods used to evaluate the quality or purity of raw materials": "",
        "Assay Requirement": "",
        "Excepient Pairing": "",
        "Effective Dosage": ""
    },
    "Miscellaneous Information": {
        "Country of Origin": "",
        "Substantiated Claims": "",
        "Trademark Clause": "",
        "Carrier": ""
    },
    "Report Number": "3569635-0",
    "Report Date": "17-Feb-2022",
    "Report Status": "Final",
    "Sample Name": "CS263132 Q10 Vital Powder 15",
    "Eurofins Sample": "11428242",
    "Project ID": "NUTRI_FORM-20220209-0019",
    "PO Number": "02092022",
    "Lot Number": "NUTR2110007",
    "Description": "TEST",
    "Receipt Date": "11-Feb-2022",
    "Receipt Condition": "Ambient temperature",
    "Login Date": "09-Feb-2022",
    "Date Started": "15-Feb-2022",
    "Sample results apply as received": "Sampled",
    "Online Order": "12047-16C6B18B",
    "Coenzyme Q10": "13.6 % Coenzyme Q10",
    "Method References": "Official Methods of Analysis of AOAC International , Method 2008.07 , AOAC International, Gaithersburg, MD, USA. (modified).",
    "Testing Location": "Food Integrity Innovation-Madison",
    "Testing Location(s) Released on Behalf of Eurofins by": "Edward Ladwig - President Eurofins Food Chemistry Testing Madison",
    "Measurement uncertainty for individual analyses can be obtained upon request.": "",
    "Na Text": "Certificate of Analysis"
}