{
    "Supplier Information": {
        "Vendor Name": "NUTRIAVENUE",
        "Supplier Name": "",
        "Supplier Code": "",
        "Raw Material Supplier": "",
        "RM Supplier Code": "",
        "Key RM Identifiers": ""
    },
    "Product/Raw Material Information": {
        "Name": "5-HTP",
        "Product Code": "",
        "Ingredient Type": "",
        "Potency": "",
        "Category": "",
        "CAS Number": "",
        "Botanical Name": "",
        "Active Ingredient": "",
        "Active Ingredient %": "\u226599%",
        "Unit of Measure": "",
        "Form": "crystallized powder"
    },
    "Nutrition Information": {
        "Nutrient Values": "",
        "Calories": "",
        "Protein": "",
        "Fat": "",
        "Carbohydrates": "",
        "Dietary Fiber": "",
        "Vitamins": "",
        "Minerals": "",
        "Amino Acids": ""
    },
    "Physical Properties": {
        "Technical Details": "",
        "Raw Material Color": "",
        "Bulk Density": "\u22650.38g/ml",
        "Tap Density": "\u22650.58g/ml",
        "pH": "",
        "Water Activity": "",
        "Loss on Drying": "\u22640.5%",
        "Residue": "",
        "Soluble in": "\u226510mg/ml"
    },
    "Heavy Metals": {
        "Heavy Metal Concentrations": "",
        "Lead": "\uff1c0.5ppm",
        "Cadmium": "\uff1c0.1ppm",
        "Arsenic": "\uff1c0.5ppm",
        "Mercury": "\uff1c0.1ppm"
    },
    "Contaminants and Allergens": {
        "Allergens": "",
        "Dietary Restrictions": "",
        "Non-GMO": "",
        "Vegan": "",
        "Kosher": "",
        "Organic": "",
        "NSF Sport": "",
        "Prop 65": "",
        "Halal": "",
        "CFU": "",
        "IU": "",
        "Enzyme Potency": ""
    },
    "Lab Test Definitions": {
        "Specific tests or methods used to evaluate the quality or purity of raw materials": "",
        "Assay Requirement": "",
        "Excepient Pairing": "",
        "Effective Dosage": ""
    },
    "Miscellaneous Information": {
        "Country of Origin": "CHINA  SHANGHAI",
        "Substantiated Claims": "",
        "Trademark Clause": "",
        "Carrier": ""
    },
    "Batch Information": {
        "Batch N o.": "HTP20 02221",
        "MFG  Date": "Jan. 16, 2020",
        "Expiry Date": "Jan. 15, 2022"
    },
    "Assay Data": {
        "5-HTP": "99.18 %",
        "Method": "HPLC"
    },
    "Quality Data": {
        "Appearance": "White to Off -white",
        "Solubility": "Conforms",
        "Identification": "Conforms",
        "Mesh Size": "Conforms",
        "Loss on Drying": "0.05% USP39",
        "Ash": "0.07% USP39",
        "Specific Rotation (20\u00b0 )": "-31.6\u00b0  USP39",
        "Related Impurity": {
            "Total Impurity": "0.10%  HPLC",
            "Peak X": "Conforms  HPLC"
        }
    },
    "Microbiological Data": {
        "Total Plate Count": "Conforms  CP2015",
        "Moulds and Yeast": "Conforms  CP2015",
        "E. Coli": "Conforms  CP2015",
        "Salmonella": "Conforms  CP2015"
    },
    "Addition Data": {
        "Packing": "25kg/drum",
        "Storage": "Store in a cool dry place, avoiding sunlight directly",
        "Shelf Life": "Two Years"
    },
    "QC. Manager": ""
}