{
    "Supplier Information": {
        "Vendor Name": "WellnessNutritionCo.,Limited",
        "Supplier Name": "",
        "Supplier Code": "",
        "Raw Material Supplier": "",
        "RM Supplier Code": "",
        "Key RM Identifiers": ""
    },
    "Product/Raw Material Information": {
        "Name": "5-HTP",
        "Product Code": "",
        "Ingredient Type": "",
        "Potency": "",
        "Category": "",
        "CAS Number": "",
        "Botanical Name": "",
        "Active Ingredient": "",
        "Active Ingredient %": "99.18%",
        "Unit of Measure": "",
        "Form": "WhitetoOff-whitecrystallinepowder"
    },
    "Nutrition Information": {
        "Nutrient Values": "",
        "Calories": "",
        "Protein": "",
        "Fat": "",
        "Carbohydrates": "",
        "Dietary Fiber": "",
        "Vitamins": "",
        "Minerals": "",
        "Amino Acids": ""
    },
    "Physical Properties": {
        "Technical Details": "",
        "Raw Material Color": "",
        "Bulk Density": "0.47g/ml",
        "Tap Density": "0.62g/ml",
        "pH": "",
        "Water Activity": "",
        "Loss on Drying": "0.11%",
        "Residue": "",
        "Soluble in": ""
    },
    "Heavy Metals": {
        "Heavy Metal Concentrations": "",
        "Lead": "\u22640.5ppm",
        "Cadmium": "\u22640.1ppm",
        "Arsenic": "\u22640.5ppm",
        "Mercury": "\u22640.1ppm"
    },
    "Contaminants and Allergens": {
        "Allergens": "",
        "Dietary Restrictions": "",
        "Non-GMO": "",
        "Vegan": "",
        "Kosher": "",
        "Organic": "",
        "NSF Sport": "",
        "Prop 65": "",
        "Halal": "",
        "CFU": "",
        "IU": "",
        "Enzyme Potency": ""
    },
    "Lab Test Definitions": {
        "Specific tests or methods used to evaluate the quality or purity of raw materials": "",
        "Assay Requirement": "",
        "Excepient Pairing": "",
        "Effective Dosage": ""
    },
    "Miscellaneous Information": {
        "Country of Origin": "",
        "Substantiated Claims": "",
        "Trademark Clause": "",
        "Carrier": ""
    },
    "CertificateofAnalysis": {
        "BatchNo.": "HTP200412",
        "BatchQuantity": "500kg",
        "ManufactureDate": "Apr.12th,2020",
        "RetestedDate": "Apr.11th,2022"
    },
    "ITEM SPECIFICATIONS": {
        "Appearance": "WhitetoOff-whitecrystallinepowder",
        "Solubility": "\u226510mg/mlinwater",
        "Identification": "UltraredRays",
        "Assay": "\u226599%",
        "Totalimpurities": "\u22640.3%",
        "PeakX": "Negative",
        "Particlesize": "100%through80mesh",
        "Bulkdensity": "\u22650.38g/ml",
        "Tappeddensity": "\u22650.58g/ml",
        "Lossondrying": "\u22640.5%",
        "Ash": "\u22640.5%",
        "Specificrotation[a]D20-30.0to-35.0\u00b0": "-31.4\u00b0"
    },
    "Heavymetals": {
        "\u226410ppm": "Conforms"
    },
    "MicrobiologicalTest": {
        "TotalPlateCount": "\u22641000cfu/g",
        "Yeast&Mold": "\u2264100cfu/g",
        "E.Coli": "Negativein10g",
        "Salmonella": "Negativein10g"
    },
    "StorageandHandling": "Keepitsealedinoriginalpackaging.Storeincoolanddryplace,andkeepawayfromheatandsunlight."
}