{
    "Supplier Information": {
        "Vendor Name": "Na",
        "Supplier Name": "Liaoning Medya Pharmaceutical Co., Ltd",
        "Supplier Code": "Na",
        "Raw Material Supplier": "Na",
        "RM Supplier Code": "Na",
        "Key RM Identifiers": "Na"
    },
    "Product/Raw Material Information": {
        "Name": "Benfotiamine",
        "Product Code": "202102003",
        "Ingredient Type": "Na",
        "Potency": "Na",
        "Category": "Na",
        "CAS Number": "Na",
        "Botanical Name": "Na",
        "Active Ingredient": "Na",
        "Active Ingredient %": "Na",
        "Unit of Measure": "Na",
        "Form": "Powder"
    },
    "Nutrition Information": {
        "Nutrient Values": "Na",
        "Calories": "Na",
        "Protein": "Na",
        "Fat": "Na",
        "Carbohydrates": "Na",
        "Dietary Fiber": "Na",
        "Vitamins": "Na",
        "Minerals": "Na",
        "Amino Acids": "Na"
    },
    "Physical Properties": {
        "Technical Details": "Na",
        "Raw Material Color": "Pale-yellow or almost white",
        "Bulk Density": "Na",
        "Tap Density": "Na",
        "pH": "Na",
        "Water Activity": "Na",
        "Loss on Drying": "0.3%",
        "Residue": "Na",
        "Soluble in": "Na"
    },
    "Heavy Metals": {
        "Heavy Metal Concentrations": "Na",
        "Lead": "NMT 20ppm",
        "Cadmium": "Na",
        "Arsenic": "Na",
        "Mercury": "Na"
    },
    "Contaminants and Allergens": {
        "Allergens": "Na",
        "Dietary Restrictions": "Na",
        "Non-GMO": "Na",
        "Vegan": "Na",
        "Kosher": "Na",
        "Organic": "Na",
        "NSF Sport": "Na",
        "Prop 65": "Na",
        "Halal": "Na",
        "CFU": "Na",
        "IU": "Na",
        "Enzyme Potency": "Na"
    },
    "Lab Test Definitions": {
        "Specific tests or methods used to evaluate the quality or purity of raw materials": "Na",
        "Assay Requirement": "Na",
        "Excepient Pairing": "Na",
        "Effective Dosage": "Na"
    },
    "Miscellaneous Information": {
        "Country of Origin": "Na",
        "Substantiated Claims": "Na",
        "Trademark Clause": "Na",
        "Carrier": "Na"
    }
}