{
    "Supplier Information": {
        "Vendor Name": "",
        "Supplier Name": "",
        "Supplier Code": "",
        "Raw Material Supplier": "",
        "RM Supplier Code": "",
        "Key RM Identifiers": ""
    },
    "Product/Raw Material Information": {
        "Name": "Citrus Aurantium Extract",
        "Product Code": "",
        "Ingredient Type": "",
        "Potency": "",
        "Category": "",
        "CAS Number": "",
        "Botanical Name": "Citrus aurantium L.",
        "Active Ingredient": "",
        "Active Ingredient %": "",
        "Unit of Measure": "",
        "Form": "granules"
    },
    "Nutrition Information": {
        "Nutrient Values": "",
        "Calories": "",
        "Protein": "",
        "Fat": "",
        "Carbohydrates": "",
        "Dietary Fiber": "",
        "Vitamins": "",
        "Minerals": "",
        "Amino Acids": ""
    },
    "Physical Properties": {
        "Technical Details": "",
        "Raw Material Color": "Browntobrownishyellow",
        "Bulk Density": "",
        "Tap Density": "",
        "pH": "",
        "Water Activity": "",
        "Loss on Drying": "2.07%",
        "Residue": "",
        "Soluble in": ""
    },
    "Heavy Metals": {
        "Heavy Metal Concentrations": "",
        "Lead": "0.206ppm",
        "Cadmium": "<=0.05ppm",
        "Arsenic": "<=0.05ppm",
        "Mercury": "0.051ppm"
    },
    "Contaminants and Allergens": {
        "Allergens": "",
        "Dietary Restrictions": "",
        "Non-GMO": "",
        "Vegan": "",
        "Kosher": "",
        "Organic": "",
        "NSF Sport": "",
        "Prop 65": "",
        "Halal": "",
        "CFU": "",
        "IU": "",
        "Enzyme Potency": ""
    },
    "Lab Test Definitions": {
        "Specific tests or methods used to evaluate the quality or purity of raw materials": "",
        "Assay Requirement": "Diosmin >=90.0%",
        "Excepient Pairing": "",
        "Effective Dosage": ""
    },
    "Miscellaneous Information": {
        "Country of Origin": "China",
        "Substantiated Claims": "",
        "Trademark Clause": "",
        "Carrier": ""
    },
    "CertificateofAnalysis": {
        "ProductName": "CitrusAurantiumExtract",
        "LatinName": "CitrusaurantiumL.",
        "Partused": "Fruit",
        "ExtractSolvent": "Water&Ethanol",
        "CountryofOrigin": "China",
        "ExtractRatio": "/",
        "BatchNumber": "22072402",
        "ManufactureDate": "July24,2022",
        "RepresentativeQty.": "1250kg",
        "ExpiryDate": "July23,2025",
        "ReportDate": "July31,2022",
        "ITEM SPECIFICATION RESULT STANDARDREFERENCED": {
            "PhysicalAppearance": "Browntobrownishyellow granules",
            "Odor": "Characteristic",
            "Taste": "Characteristic",
            "Lossondrying": "\u22648.0% 2.07% 2g/105\u2103/5hrs",
            "Ash": "\u22648.0% 0.11% 2g/600\u2103/5hrs",
            "Loosedensity": "0.300-0.700g/ml 0.5791g/ml W/V",
            "Tappeddensity": "0.400-0.800g/ml 0.6799g/ml W/V",
            "Particlesize": {
                "95.44%pass20mesh": "Complies Sieve",
                "51.89%pass40mesh": "Complies Sieve",
                "22.47%pass60mesh": "Complies Sieve"
            },
            "ChemicalHeavymetals": "\u226410ppm Complies Colorimetricmethod",
            "Arsenic(As)": "\u22642ppm \u22640.05ppm AtomicAbsorption",
            "Lead(Pb)": "\u22642ppm 0.206ppm AtomicAbsorption",
            "Cadmium(Cd)": "\u22641ppm \u22640.05ppm AtomicAbsorption",
            "Mercury(Hg)": "\u22640.1ppm 0.051ppm AtomicAbsorption",
            "Solventresidual": "\u22645000ppm Complies GasChromatography",
            "Assay": "Diosmin \u226590.0% 93.41% HPLC",
            "MicrobialTotalPlateCount": "\u22641000CFU/g 30CFU/g ChP",
            "Mould": "\u2264100CFU/g 200CFU/g ChP",
            "Yeast": "\u2264100CFU/g \u226410CFU/g ChP",
            "EscherichiaColi": "Negative Complies ChP",
            "Salmonella": "Negative Negative ChP",
            "Staphylococcus": "Negative Negative ChP"
        },
        "Packing": "Packinpaper-drumsandtwofoodgradepolybagsinside.Netweight:25kg/drum",
        "Storagecondition": "Storeinawellclosedplacewithconstantlowtemperatureandnodirectsunlight",
        "Shelflife": "Threeyearswhenproperlystored."
    },
    "Na Text": "Tel:86-731-84686909Fax:86-731-84152788ZipCode:410126 HTTP://WWW.PHYHUIR.COM\nAdd:No.99,Longyuan2ndRoad,LongpingHigh-techPark,Changsha,China E_mail:info@phyhuir.com"
}