{
    "Supplier Information": {
        "Vendor Name": "",
        "Supplier Name": "",
        "Supplier Code": "",
        "Raw Material Supplier": "",
        "RM Supplier Code": "",
        "Key RM Identifiers": ""
    },
    "Product/Raw Material Information": {
        "Name": "",
        "Product Code": "",
        "Ingredient Type": "",
        "Potency": "",
        "Category": "",
        "CAS Number": "",
        "Botanical Name": "",
        "Active Ingredient": "",
        "Active Ingredient %": "",
        "Unit of Measure": "",
        "Form": ""
    },
    "Nutrition Information": {
        "Nutrient Values": "",
        "Calories": "",
        "Protein": "",
        "Fat": "",
        "Carbohydrates": "",
        "Dietary Fiber": "",
        "Vitamins": "",
        "Minerals": "",
        "Amino Acids": ""
    },
    "Physical Properties": {
        "Technical Details": "",
        "Raw Material Color": "",
        "Bulk Density": "",
        "Tap Density": "",
        "pH": "",
        "Water Activity": "",
        "Loss on Drying": "",
        "Residue": "",
        "Soluble in": ""
    },
    "Heavy Metals": {
        "Heavy Metal Concentrations": "",
        "Lead": "",
        "Cadmium": "",
        "Arsenic": "",
        "Mercury": ""
    },
    "Contaminants and Allergens": {
        "Allergens": "",
        "Dietary Restrictions": "",
        "Non-GMO": "",
        "Vegan": "",
        "Kosher": "",
        "Organic": "",
        "NSF Sport": "",
        "Prop 65": "",
        "Halal": "",
        "CFU": "",
        "IU": "",
        "Enzyme Potency": ""
    },
    "Lab Test Definitions": {
        "Specific tests or methods used to evaluate the quality or purity of raw materials": "",
        "Assay Requirement": "",
        "Excepient Pairing": "",
        "Effective Dosage": ""
    },
    "Miscellaneous Information": {
        "Country of Origin": "China",
        "Substantiated Claims": "",
        "Trademark Clause": "",
        "Carrier": "MCT Oil & Sunflower Oil"
    },
    "Batch No.": "RD20221222",
    "P/O NO.": "1200G",
    "PACKAGE": "",
    "RETEST. DATE": "Dec. 21, 2024",
    "Product Characteristics": {
        "Method": {
            "HPLC/HPLC": "",
            "20.08% NMR/HPLC": "",
            "\uff1c2% Karl Fischer": "",
            "Iodide": "",
            "titrationViscometer": "",
            "USP<2021>": "",
            "USP<2022>": "",
            "ICP-MS": "",
            "HPLC-FLD": "",
            "Aflatoxin(B1, B2, G1, G2)* HPLC-FLD": "",
            "GC/FID": "",
            "GC/MS": "",
            "LC/MSGC/MS": ""
        }
    },
    "Stamp and SignatureConclusion": "Complies with Specifications. \u25c6  The items with * are tested periodically.",
    "Storage & Packaging": {
        "Pesticides residue* Meet with EU reg.396/2005": "Conform",
        "PAH4*": "\u226410.0ppb",
        "Ethanol*": "\u22640.5%",
        "Mercury*": "\u22640.1ppm",
        "Aflatoxin B1*": "\u22642.0ppb",
        "Arsenic*": "\u22640.5ppm",
        "Cadmium*": "\u22640.1ppm",
        "Lead*": "\u22640.5ppm",
        "Salmonella": "Negative",
        "Yeast & Mold": "\u2264100cfu/g",
        "E.coli": "Negative",
        "Total Plate Count": "\u22641,000cfu/g",
        "Viscosity (25\u00b0 C)": "\u22647,000cps",
        "Moisture": "\u22642.0%",
        "Peroxide Value": "\u22645.0meq/kg",
        "Identification": "Positive",
        "Phosphatidylserine": "\u226520%"
    },
    "QUANTITY": "400G/Bottle",
    "MFG.DATE": "",
    "Formula weight": "750~850",
    "Certificate of Analysis": {
        "Product Name": "BioPS\u00ae Phosphatidylserine (20% Liquid), Eurofins IP Certified Non-GMO",
        "Product Code": "1808824",
        "Shelf life": "24 months"
    },
    "Solvents Used": "Ethanol & water",
    "CAS NO.": "84776-79-4",
    "Description": "Light yellow to brown liquid",
    "Source": "Non-GMO Soybeans"
}