{
    "Supplier Information": {
        "Vendor Name": "JRS PHARMA & A MEMBER GUJARAT MICROWAX JRS GMW OF THE JRS GROUP PRIVATE LIMITED",
        "Supplier Name": "JRS PHARMA & GMW",
        "Supplier Code": null,
        "Raw Material Supplier": null,
        "RM Supplier Code": null,
        "Key RM Identifiers": null
    },
    "Product/Raw Material Information": {
        "Name": "Croscarmellose Sodium",
        "Product Code": null,
        "Ingredient Type": null,
        "Potency": null,
        "Category": null,
        "CAS Number": null,
        "Botanical Name": null,
        "Active Ingredient": null,
        "Active Ingredient %": null,
        "Unit of Measure": null,
        "Form": "Ph. Eur., NF, JP"
    },
    "Nutrition Information": {
        "Nutrient Values": null,
        "Calories": null,
        "Protein": null,
        "Fat": null,
        "Carbohydrates": null,
        "Dietary Fiber": null,
        "Vitamins": null,
        "Minerals": null,
        "Amino Acids": null
    },
    "Physical Properties": {
        "Technical Details": null,
        "Raw Material Color": "White or greyish-white",
        "Bulk Density": null,
        "Tap Density": null,
        "pH": "6.78",
        "Water Activity": null,
        "Loss on Drying": "5.67%",
        "Residue": null,
        "Soluble in": null
    },
    "Heavy Metals": {
        "Heavy Metal Concentrations": null,
        "Lead": "< 2 ppm",
        "Cadmium": null,
        "Arsenic": "< 2 ppm",
        "Mercury": null
    },
    "Contaminants and Allergens": {
        "Allergens": null,
        "Dietary Restrictions": null,
        "Non-GMO": null,
        "Vegan": null,
        "Kosher": null,
        "Organic": null,
        "NSF Sport": null,
        "Prop 65": null,
        "Halal": null,
        "CFU": "23 CFU / g",
        "IU": null,
        "Enzyme Potency": null
    },
    "Lab Test Definitions": {
        "Specific tests or methods used to evaluate the quality or purity of raw materials": null,
        "Assay Requirement": null,
        "Excepient Pairing": null,
        "Effective Dosage": null
    },
    "Miscellaneous Information": {
        "Country of Origin": "India",
        "Substantiated Claims": null,
        "Trademark Clause": null,
        "Carrier": null
    }
}