{
    "Supplier Information": {
        "Vendor Name": "PT. WILMAR NABATI INDONESIA",
        "Supplier Name": "N/A",
        "Supplier Code": "N/A",
        "Raw Material Supplier": "N/A",
        "RM Supplier Code": "N/A",
        "Key RM Identifiers": "N/A"
    },
    "Product/Raw Material Information": {
        "Name": "GLYCERINE.USP/KOSHER",
        "Product Code": "N/A",
        "Ingredient Type": "N/A",
        "Potency": "N/A",
        "Category": "N/A",
        "CAS Number": "N/A",
        "Botanical Name": "N/A",
        "Active Ingredient": "N/A",
        "Active Ingredient %": "99.7% min",
        "Unit of Measure": "N/A",
        "Form": "N/A"
    },
    "Nutrition Information": {
        "Nutrient Values": "N/A",
        "Calories": "N/A",
        "Protein": "N/A",
        "Fat": "N/A",
        "Carbohydrates": "N/A",
        "Dietary Fiber": "N/A",
        "Vitamins": "N/A",
        "Minerals": "N/A",
        "Amino Acids": "N/A"
    },
    "Physical Properties": {
        "Technical Details": "N/A",
        "Raw Material Color": "N/A",
        "Bulk Density": "N/A",
        "Tap Density": "N/A",
        "pH": "N/A",
        "Water Activity": "N/A",
        "Loss on Drying": "N/A",
        "Residue": "N/A",
        "Soluble in": "N/A"
    },
    "Heavy Metals": {
        "Heavy Metal Concentrations": "N/A",
        "Lead": "5max",
        "Cadmium": "N/A",
        "Arsenic": "N/A",
        "Mercury": "N/A"
    },
    "Contaminants and Allergens": {
        "Allergens": "N/A",
        "Dietary Restrictions": "N/A",
        "Non-GMO": "N/A",
        "Vegan": "N/A",
        "Kosher": "N/A",
        "Organic": "N/A",
        "NSF Sport": "N/A",
        "Prop 65": "N/A",
        "Halal": "N/A",
        "CFU": "N/A",
        "IU": "N/A",
        "Enzyme Potency": "N/A"
    },
    "Lab Test Definitions": {
        "Specific tests or methods used to evaluate the quality or purity of raw materials": "USP 41: 2018",
        "Assay Requirement": "N/A",
        "Excepient Pairing": "N/A",
        "Effective Dosage": "N/A"
    },
    "Miscellaneous Information": {
        "Country of Origin": "N/A",
        "Substantiated Claims": "N/A",
        "Trademark Clause": "N/A",
        "Carrier": "N/A"
    },
    "Quantity/Commodity": "100 MT (80 IBC)",
    "Packing": "12S0KGIBC",
    "Manufacturing Date": "N/A",
    "Best Before": "APRIL 21, 2021; APRIL 22, 2021; APRIL 23, 2021",
    "Container/Batch No": "APRil. 21, 2019; APRIL 22, 2019; APRIL 23, 2019",
    "Lab Test Results": {
        "Appearance": "Transparent",
        "Identification A (IR)": "Confonn",
        "Identification 8 -Diethylene Glycol %": "<0.10",
        "Identification 8 -Ethylene Glycol %": "<0.10",
        "Identification CConform": "Confonn (Confirmation of Glycerin by GC)",
        "Glycerine Content %": "99.8",
        "Inorganic Impurities -Chloride Content ppm": "<10",
        "Inorganic Impurities -SUifate Content ppm": "<20",
        "Inorganic Impurities -Residue on Ignition %": "0.007",
        "Organic Impurities -Related Compounds -Individual Impurities %": "NIL",
        "Organic Impurities -Total Impurities %": "NIL",
        "Organic Impurities -Chlorinated Compounds ppm": "<30",
        "Fatty Acids & Esters0.24 1 max (as ml of 0.5N NaOH/50 g)": "N/A",
        "Color (ml FeCl3)": "<0.4",
        "Specific Gravity @ 25": "1.2614",
        "Moisture Content %": "0.10",
        "Color APHA": "5",
        "Heavy Metal as Pb ppm": "<5"
    }
}