{
    "Supplier Information": {
        "Vendor Name": "Sensient Colors LLC",
        "Supplier Name": "Sensient Food Colors - North America",
        "Supplier Code": "093101020",
        "Raw Material Supplier": null,
        "RM Supplier Code": null,
        "Key RM Identifiers": null
    },
    "Product/Raw Material Information": {
        "Name": "FD&C RED NO 40 ALUM LAKE 35-42",
        "Product Code": "FD&C RED NO 40 ALUM LAKE 35-4220KGPD% 35",
        "Ingredient Type": null,
        "Potency": null,
        "Category": null,
        "CAS Number": null,
        "Botanical Name": null,
        "Active Ingredient": null,
        "Active Ingredient %": "35",
        "Unit of Measure": "KG",
        "Form": null
    },
    "Nutrition Information": {
        "Nutrient Values": null,
        "Calories": null,
        "Protein": null,
        "Fat": null,
        "Carbohydrates": null,
        "Dietary Fiber": null,
        "Vitamins": null,
        "Minerals": null,
        "Amino Acids": null
    },
    "Physical Properties": {
        "Technical Details": null,
        "Raw Material Color": null,
        "Bulk Density": null,
        "Tap Density": null,
        "pH": null,
        "Water Activity": null,
        "Loss on Drying": null,
        "Residue": null,
        "Soluble in": null
    },
    "Heavy Metals": {
        "Heavy Metal Concentrations": null,
        "Lead": "<2 ppm",
        "Cadmium": "<1 ppm",
        "Arsenic": "<3 ppm",
        "Mercury": "<1 ppm"
    },
    "Contaminants and Allergens": {
        "Allergens": null,
        "Dietary Restrictions": null,
        "Non-GMO": null,
        "Vegan": null,
        "Kosher": null,
        "Organic": null,
        "NSF Sport": null,
        "Prop 65": null,
        "Halal": null,
        "CFU": null,
        "IU": null,
        "Enzyme Potency": null
    },
    "Lab Test Definitions": {
        "Specific tests or methods used to evaluate the quality or purity of raw materials": null,
        "Assay Requirement": null,
        "Excepient Pairing": null,
        "Effective Dosage": null
    },
    "Miscellaneous Information": {
        "Country of Origin": null,
        "Substantiated Claims": null,
        "Trademark Clause": null,
        "Carrier": null
    },
    "Name": null,
    "Address": null,
    "Customer PO#": null,
    "Customer Order": null,
    "Item": null,
    "Customer Item": null,
    "Lot/SN": "AY6794",
    "Manufacture Date": "2018-05-10",
    "Lot Expiration Date": "2024-05-08"
}