{
    "Supplier Information": {
        "Vendor Name": "Novotech Nutraceuticals, Inc.",
        "Supplier Name": "Novotech Nutraceuticals, Inc.",
        "Supplier Code": "Na",
        "Raw Material Supplier": "",
        "RM Supplier Code": "",
        "Key RM Identifiers": ""
    },
    "Product/Raw Material Information": {
        "Name": "Nov oMin NutraPure Calcium Gluconate  (USP)  Monohydrate",
        "Product Code": "1024",
        "Ingredient Type": "",
        "Potency": "",
        "Category": "",
        "CAS Number": "",
        "Botanical Name": "",
        "Active Ingredient": "",
        "Active Ingredient %": "",
        "Unit of Measure": "",
        "Form": ""
    },
    "Nutrition Information": {
        "Nutrient Values": "",
        "Calories": "",
        "Protein": "",
        "Fat": "",
        "Carbohydrates": "",
        "Dietary Fiber": "",
        "Vitamins": "",
        "Minerals": "",
        "Amino Acids": ""
    },
    "Physical Properties": {
        "Technical Details": "",
        "Raw Material Color": "",
        "Bulk Density": "Not less than 0.35 g/cc",
        "Tap Density": "",
        "pH": "5-9",
        "Water Activity": "",
        "Loss on Drying": "Not more than 2 %",
        "Residue": "",
        "Soluble in": "Soluble to moderately Soluble"
    },
    "Heavy Metals": {
        "Heavy Metal Concentrations": "",
        "Lead": "Not more than 2 .0 ppm",
        "Cadmium": "Not more than 0.5 ppm",
        "Arsenic": "Not more than 1 .0 ppm",
        "Mercury": "Not more tha n 0.1  ppm"
    },
    "Contaminants and Allergens": {
        "Allergens": "",
        "Dietary Restrictions": "",
        "Non-GMO": "",
        "Vegan": "",
        "Kosher": "",
        "Organic": "",
        "NSF Sport": "",
        "Prop 65": "",
        "Halal": "",
        "CFU": "",
        "IU": "",
        "Enzyme Potency": ""
    },
    "Lab Test Definitions": {
        "Specific tests or methods used to evaluate the quality or purity of raw materials": "",
        "Assay Requirement": "98%-102%",
        "Excepient Pairing": "",
        "Effective Dosage": ""
    },
    "Miscellaneous Information": {
        "Country of Origin": "U.S.A",
        "Substantiated Claims": "",
        "Trademark Clause": "",
        "Carrier": ""
    }
}