{
    "Supplier Information": {
        "Vendor Name": "Centian",
        "Supplier Name": "CentianUSA",
        "Supplier Code": "",
        "Raw Material Supplier": "",
        "RM Supplier Code": "",
        "Key RM Identifiers": ""
    },
    "Product/Raw Material Information": {
        "Name": "CITRIC ACID ANHYDROUS FCCVIII/USPGRANULAR 10-40 MESH",
        "Product Code": "",
        "Ingredient Type": "",
        "Potency": "",
        "Category": "",
        "CAS Number": "",
        "Botanical Name": "",
        "Active Ingredient": "",
        "Active Ingredient %": "",
        "Unit of Measure": "MT",
        "Form": "Powder"
    },
    "Nutrition Information": {
        "Nutrient Values": "",
        "Calories": "",
        "Protein": "",
        "Fat": "",
        "Carbohydrates": "",
        "Dietary Fiber": "",
        "Vitamins": "",
        "Minerals": "",
        "Amino Acids": ""
    },
    "Physical Properties": {
        "Technical Details": "",
        "Raw Material Color": "Colorless",
        "Bulk Density": "",
        "Tap Density": "",
        "pH": "",
        "Water Activity": "",
        "Loss on Drying": "",
        "Residue": "",
        "Soluble in": ""
    },
    "Heavy Metals": {
        "Heavy Metal Concentrations": "",
        "Lead": "<0.5",
        "Cadmium": "",
        "Arsenic": "0.1",
        "Mercury": "<1"
    },
    "Contaminants and Allergens": {
        "Allergens": "",
        "Dietary Restrictions": "",
        "Non-GMO": "",
        "Vegan": "",
        "Kosher": "",
        "Organic": "",
        "NSF Sport": "",
        "Prop 65": "",
        "Halal": "",
        "CFU": "",
        "IU": "",
        "Enzyme Potency": ""
    },
    "Lab Test Definitions": {
        "Specific tests or methods used to evaluate the quality or purity of raw materials": "",
        "Assay Requirement": "",
        "Excepient Pairing": "",
        "Effective Dosage": ""
    },
    "Miscellaneous Information": {
        "Country of Origin": "",
        "Substantiated Claims": "",
        "Trademark Clause": "",
        "Carrier": ""
    },
    "Item": {
        "Unit": "",
        "STANDARD DATA": "",
        "ACTUAL DATA": "",
        "WHITE CRYSTALLINE CHARACTERS": "Powders, Colorless",
        "CRYSTALS OR GRANULES IDENTIFICATION": "Pass Test",
        "COLOR &CLARITY OF SOLUTION": "Pass Test",
        "TRANSMITTANCE %": "99.2",
        "ASSAY %": "99.94",
        "WATER %": "0.10",
        "HEAVY METALS PPM": "1",
        "OXALATE PPM": "30",
        "SULPHATE PPM": "10",
        "CALCIUM PPM": "5",
        "SULPHATE ASH %": "0.01",
        "READILY CARBONISABLE": "Pass Test",
        "SUBSTANCES": "",
        "ALUMINUM PPM": "0.15",
        "ARSENIC PPM": "0.1",
        "BACTERIAL ENDOTOXINS I.U./MG": "<0.5",
        "CHLORIDE PPM": "1",
        "IRON PPM": "1",
        "LEAD PPM": "<0.5",
        "MERCURY PPM": "<1",
        "ORGANIC VOLATILE": "Pass Test",
        "IMPURITY TRIDODECYLAMINE PPM": "<0.1",
        "CONCLUSION": "THE QUALITY OF THIS LOT OF GOODS CONFORMING WITH THE STANDARD FCC/USP. ANALYSIS IS BASED ON PRODUCTION LINE CONTROL OR RANDOM TESTING"
    }
}