{
    "Supplier Information": {
        "Vendor Name": "NP azelis",
        "Supplier Name": "FORTHEAST SHOTECH INC",
        "Supplier Code": "N/A",
        "Raw Material Supplier": "N/A",
        "RM Supplier Code": "N/A",
        "Key RM Identifiers": "N/A"
    },
    "Product/Raw Material Information": {
        "Name": "BROMELAIN 1:10",
        "Product Code": "1129",
        "Ingredient Type": "N/A",
        "Potency": "80 GDU/g min",
        "Category": "N/A",
        "CAS Number": "N/A",
        "Botanical Name": "N/A",
        "Active Ingredient": "N/A",
        "Active Ingredient %": "N/A",
        "Unit of Measure": "N/A",
        "Form": "N/A"
    },
    "Nutrition Information": {
        "Nutrient Values": "N/A",
        "Calories": "N/A",
        "Protein": "N/A",
        "Fat": "N/A",
        "Carbohydrates": "N/A",
        "Dietary Fiber": "N/A",
        "Vitamins": "N/A",
        "Minerals": "N/A",
        "Amino Acids": "N/A"
    },
    "Physical Properties": {
        "Technical Details": "N/A",
        "Raw Material Color": "N/A",
        "Bulk Density": "N/A",
        "Tap Density": "N/A",
        "pH": "N/A",
        "Water Activity": "N/A",
        "Loss on Drying": "6% max",
        "Residue": "N/A",
        "Soluble in": "N/A"
    },
    "Heavy Metals": {
        "Heavy Metal Concentrations": "N/A",
        "Lead": "10ppm max",
        "Cadmium": "N/A",
        "Arsenic": "3ppm max",
        "Mercury": "N/A"
    },
    "Contaminants and Allergens": {
        "Allergens": "N/A",
        "Dietary Restrictions": "N/A",
        "Non-GMO": "N/A",
        "Vegan": "N/A",
        "Kosher": "N/A",
        "Organic": "N/A",
        "NSF Sport": "N/A",
        "Prop 65": "N/A",
        "Halal": "N/A",
        "CFU": "N/A",
        "IU": "N/A",
        "Enzyme Potency": "N/A"
    },
    "Lab Test Definitions": {
        "Specific tests or methods used to evaluate the quality or purity of raw materials": "N/A",
        "Assay Requirement": "N/A",
        "Excepient Pairing": "N/A",
        "Effective Dosage": "N/A"
    },
    "Miscellaneous Information": {
        "Country of Origin": "US",
        "Substantiated Claims": "N/A",
        "Trademark Clause": "N/A",
        "Carrier": "Maltodextrin"
    },
    "Certificate of Analysis": {
        "Lot #": "BR1261",
        "Prod Date": "10/22/20",
        "Recommended Retest Date": "3 years from manufacture",
        "Diluent": "Maltodextrin"
    },
    "Lab Test Results": {
        "Activity": "82.7 GDU/g",
        "Loss on Drying": "3.72%",
        "Lead": "< 10 ppm",
        "Arsenic": "<3 ppm",
        "Microbiological Aerobic Plate Count": "<100 CFU/g",
        "Salmonella": "Negative",
        "E. coli": "Absent/10g",
        "Coliform": "<10 CFU/g",
        "Yeast": "<10 CFU/g",
        "Mold": "<10 CFU/g"
    },
    "Manufacturer Information": {
        "Plant Telephone": "973-777-5654",
        "Quality Management": "774-454-8674 (Matthew Dework)",
        "Address": "61 Willet Street Building L Rear Passaic NJ, 07055",
        "Website": "www.northeastprotech.com",
        "Email": "email@northeastprotech.com",
        "CEO": "Matthew Dework",
        "Date": "10/28/20"
    }
}