{
    "Supplier Information": {
        "Vendor Name": "Hebei Yuwei Biotechnology Co.,Ltd",
        "Supplier Name": "Centian Driven By Nature",
        "Supplier Code": "",
        "Raw Material Supplier": "",
        "RM Supplier Code": "",
        "Key RM Identifiers": ""
    },
    "Product/Raw Material Information": {
        "Name": "Inositol",
        "Product Code": "",
        "Ingredient Type": "",
        "Potency": "",
        "Category": "",
        "CAS Number": "",
        "Botanical Name": "",
        "Active Ingredient": "",
        "Active Ingredient %": "",
        "Unit of Measure": "",
        "Form": "Crystalline Powder"
    },
    "Nutrition Information": {
        "Nutrient Values": "",
        "Calories": "",
        "Protein": "",
        "Fat": "",
        "Carbohydrates": "",
        "Dietary Fiber": "",
        "Vitamins": "",
        "Minerals": "",
        "Amino Acids": ""
    },
    "Physical Properties": {
        "Technical Details": "",
        "Raw Material Color": "",
        "Bulk Density": "",
        "Tap Density": "",
        "pH": "",
        "Water Activity": "",
        "Loss on Drying": "0.06%",
        "Residue": "",
        "Soluble in": "Water"
    },
    "Heavy Metals": {
        "Heavy Metal Concentrations": "",
        "Lead": "<0.5mg/kg",
        "Cadmium": "<0.5mg/kg",
        "Arsenic": "<0.5mg/kg",
        "Mercury": "<0.1mg/kg"
    },
    "Contaminants and Allergens": {
        "Allergens": "",
        "Dietary Restrictions": "",
        "Non-GMO": "",
        "Vegan": "",
        "Kosher": "",
        "Organic": "",
        "NSF Sport": "",
        "Prop 65": "",
        "Halal": "",
        "CFU": "",
        "IU": "",
        "Enzyme Potency": ""
    },
    "Lab Test Definitions": {
        "Specific tests or methods used to evaluate the quality or purity of raw materials": "",
        "Assay Requirement": ">97.0% and <102.0%",
        "Excepient Pairing": "",
        "Effective Dosage": ""
    },
    "Miscellaneous Information": {
        "Country of Origin": "",
        "Substantiated Claims": "",
        "Trademark Clause": "",
        "Carrier": ""
    },
    "Package Information": {
        "Package Size": "25kg",
        "Net Weight": "25 kg",
        "Package Type": "Drum"
    },
    "Batch Information": {
        "Batch Size": "2000 kg",
        "Manufacture Date": "2019.04.16",
        "Batch No.": "YW20190416",
        "Period of Validity": "2023.04.15"
    },
    "Description": {
        "Odor": "Odorless",
        "Color": "White",
        "Taste": "Sweet"
    },
    "Prescribed Standards": {
        "Identification (A.B)": "Meets Specifications",
        "Clarity and color of solution": "Meets Specifications",
        "Loss on drying": "Not more than 0.5%",
        "Melting Point": "224.6-225.3 \u00b0C",
        "Residue on Ignition": "<0.1%",
        "Assay": "100.20 %",
        "Conductivity": "<20us cm-1",
        "Chloride": "<0.005%",
        "Sulfate": "<0.006%",
        "Calcium": "Meets Specifications",
        "Barium": "Meets Specifications",
        "Iron": "<0.0005%",
        "Pb it Heavy Metals(as Pb)": "<5ppm",
        "Total impurities": "Not detected",
        "Individual impurities": "Not detected",
        "Lead": "<0.5mg/kg",
        "Arsenic": "<0.5mg/kg",
        "Mercury": "<0.1mg/kg",
        "Cd": "<0.5mg/kg",
        "Total plate count": "15cfu/g",
        "Mould and yeast": "10cfu/g",
        "E.Colin": "Abscnt/25g",
        "Salmonella": "Negative/25g"
    },
    "Conclusion": "THE PRODUCT PASSED THE TEST, COMPLIED WITH THE STANDARDS FOR USP40-NF35.",
    "Quality Director": "REVIEWER",
    "Reviewer": "INSPECTOR"
}