{
    "Supplier Information": {
        "Vendor Name": "Na Text",
        "Supplier Name": "Na Text",
        "Supplier Code": "Na Text",
        "Raw Material Supplier": "Na Text",
        "RM Supplier Code": "Na Text",
        "Key RM Identifiers": "Na Text"
    },
    "Product/Raw Material Information": {
        "Name": "ALOEVERA P.E 1 00 : 1",
        "Product Code": "Na Text",
        "Ingredient Type": "Na Text",
        "Potency": "Na Text",
        "Category": "Na Text",
        "CAS Number": "Na Text",
        "Botanical Name": "Aloe Barbadensis",
        "Active Ingredient": "Na Text",
        "Active Ingredient %": "Na Text",
        "Unit of Measure": "Na Text",
        "Form": "Free flowing Powder"
    },
    "Nutrition Information": {
        "Nutrient Values": "Na Text",
        "Calories": "Na Text",
        "Protein": "Na Text",
        "Fat": "Na Text",
        "Carbohydrates": "Na Text",
        "Dietary Fiber": "Na Text",
        "Vitamins": "Na Text",
        "Minerals": "Na Text",
        "Amino Acids": "Na Text"
    },
    "Physical Properties": {
        "Technical Details": "Na Text",
        "Raw Material Color": "White color",
        "Bulk Density": "Na Text",
        "Tap Density": "Na Text",
        "pH": "4.85 USP",
        "Water Activity": "Na Text",
        "Loss on Drying": "3.20% 1g/105\u2103/2hrs",
        "Residue": "Na Text",
        "Soluble in": "Na Text"
    },
    "Heavy Metals": {
        "Heavy Metal Concentrations": "Na Text",
        "Lead": "0.412 ppm",
        "Cadmium": "ND USP XXIII",
        "Arsenic": "0.34ppm",
        "Mercury": "ND USP XXIII"
    },
    "Contaminants and Allergens": {
        "Allergens": "Na Text",
        "Dietary Restrictions": "Na Text",
        "Non-GMO": "This product GMO-Free",
        "Vegan": "Na Text",
        "Kosher": "Na Text",
        "Organic": "Na Text",
        "NSF Sport": "Na Text",
        "Prop 65": "Na Text",
        "Halal": "Na Text",
        "CFU": "Na Text",
        "IU": "Na Text",
        "Enzyme Potency": "Na Text"
    },
    "Lab Test Definitions": {
        "Specific tests or methods used to evaluate the quality or purity of raw materials": "Na Text",
        "Assay Requirement": "Na Text",
        "Excepient Pairing": "Na Text",
        "Effective Dosage": "Na Text"
    },
    "Miscellaneous Information": {
        "Country of Origin": "India",
        "Substantiated Claims": "Na Text",
        "Trademark Clause": "Na Text",
        "Carrier": "Na Text"
    }
}