{
    "Supplier Information": {
        "Vendor Name": "JiangsuAoxinBiotechnologyCo.,Ltd.",
        "Supplier Name": "",
        "Supplier Code": "",
        "Raw Material Supplier": "",
        "RM Supplier Code": "",
        "Key RM Identifiers": ""
    },
    "Product/Raw Material Information": {
        "Name": "D-GlucosamineSulfatePotassiumChloride\u201340mesh",
        "Product Code": "",
        "Ingredient Type": "",
        "Potency": "",
        "Category": "",
        "CAS Number": "",
        "Botanical Name": "",
        "Active Ingredient": "",
        "Active Ingredient %": "",
        "Unit of Measure": "",
        "Form": "WhiteCrystalline,FreeFlowingPowder"
    },
    "Nutrition Information": {
        "Nutrient Values": "",
        "Calories": "",
        "Protein": "",
        "Fat": "",
        "Carbohydrates": "",
        "Dietary Fiber": "",
        "Vitamins": "",
        "Minerals": "",
        "Amino Acids": ""
    },
    "Physical Properties": {
        "Technical Details": "",
        "Raw Material Color": "",
        "Bulk Density": "0.90g/mL",
        "Tap Density": "",
        "pH": "4.52",
        "Water Activity": "",
        "Loss on Drying": "0.08%",
        "Residue": "28.15%",
        "Soluble in": ""
    },
    "Heavy Metals": {
        "Heavy Metal Concentrations": "",
        "Lead": "0.10ppm",
        "Cadmium": "",
        "Arsenic": "0.05ppm",
        "Mercury": "0.04ppm"
    },
    "Contaminants and Allergens": {
        "Allergens": "",
        "Dietary Restrictions": "",
        "Non-GMO": "",
        "Vegan": "",
        "Kosher": "",
        "Organic": "",
        "NSF Sport": "",
        "Prop 65": "",
        "Halal": "",
        "CFU": "",
        "IU": "",
        "Enzyme Potency": ""
    },
    "Lab Test Definitions": {
        "Specific tests or methods used to evaluate the quality or purity of raw materials": "",
        "Assay Requirement": "98.0~102.0%(onthedriedbasis)",
        "Excepient Pairing": "",
        "Effective Dosage": ""
    },
    "Miscellaneous Information": {
        "Country of Origin": "China",
        "Substantiated Claims": "",
        "Trademark Clause": "",
        "Carrier": ""
    },
    "Batch Information": {
        "BatchNo.": "0220200902",
        "Quantity": "1000kg",
        "Packaging": "25kg/drum",
        "TestDate": "2020.09.10",
        "ManufactureDate": "2020.09.09",
        "Exp.Date": "2023.09.08"
    }
}