{
    "Supplier Information": {
        "Vendor Name": "Jhp 3H VK BR LA Centian",
        "Supplier Name": "CHANGZHOU SUNLIGHT PHARMACEUTICAL CO.,LTD",
        "Supplier Code": "",
        "Raw Material Supplier": "Driven By Nature",
        "RM Supplier Code": "",
        "Key RM Identifiers": ""
    },
    "Product/Raw Material Information": {
        "Name": "P-Aminobenzoic acid",
        "Product Code": "",
        "Ingredient Type": "",
        "Potency": "",
        "Category": "",
        "CAS Number": "",
        "Botanical Name": "",
        "Active Ingredient": "",
        "Active Ingredient %": "",
        "Unit of Measure": "kg",
        "Form": "crystal or crystalline powder"
    },
    "Nutrition Information": {
        "Nutrient Values": "",
        "Calories": "",
        "Protein": "",
        "Fat": "",
        "Carbohydrates": "",
        "Dietary Fiber": "",
        "Vitamins": "",
        "Minerals": "",
        "Amino Acids": ""
    },
    "Physical Properties": {
        "Technical Details": "",
        "Raw Material Color": "",
        "Bulk Density": "",
        "Tap Density": "",
        "pH": "",
        "Water Activity": "",
        "Loss on Drying": "0.04%",
        "Residue": "0.03%",
        "Soluble in": ""
    },
    "Heavy Metals": {
        "Heavy Metal Concentrations": "",
        "Lead": "",
        "Cadmium": "",
        "Arsenic": "",
        "Mercury": ""
    },
    "Contaminants and Allergens": {
        "Allergens": "",
        "Dietary Restrictions": "",
        "Non-GMO": "",
        "Vegan": "",
        "Kosher": "",
        "Organic": "",
        "NSF Sport": "",
        "Prop 65": "",
        "Halal": "",
        "CFU": "",
        "IU": "",
        "Enzyme Potency": ""
    },
    "Lab Test Definitions": {
        "Specific tests or methods used to evaluate the quality or purity of raw materials": "",
        "Assay Requirement": "",
        "Excepient Pairing": "",
        "Effective Dosage": ""
    },
    "Miscellaneous Information": {
        "Country of Origin": "China",
        "Substantiated Claims": "",
        "Trademark Clause": "",
        "Carrier": ""
    },
    "Certificate of Analysis": {
        "Product name": "P-Aminobenzoic acid",
        "Date of manufacture": "Sep.16,2020",
        "Date of expiry": "Sep.15,2023",
        "Batch number": "C5012009035",
        "Batch Quantity": "1001kg",
        "Package": "25kg/Paper drum",
        "Testing method #": "Refer to USP 43 testing method",
        "Specification": "",
        "Result": "",
        "Characters": "White crystalline powder without smell",
        "IR should comply with the reference": "IR complies with the reference standard spectrum.",
        "Identification": "Solution main peak retention time should be consist solution main peak retention time with standard solution main peak retention time",
        "Loss on drying": "0.04%",
        "Residue on ignition": "0.03%",
        "Assay": "99.88%",
        "Nitrobenzoic acid": ".2%",
        "FI Benzocaine<0.2%": "Not detected",
        "Related substances": "<0.2% (HPLC)",
        "Any unspecified impurity<0.1%": "0.01%",
        "..% Total impurities<0.5%": "0.02%",
        "Aniline and Aniline<10ppm": "2.36ppm",
        "P-toluidine P-toluidine<10ppm": "Not detected (GC)",
        "Conclusion": "Qualified",
        "Approval by/Date": "2020-12-08",
        "ADD": "216 Yunnan West Road, Benniu Town, Xinbei District, Changzhou City, Jiangsu Province, China : 216"
    }
}