{
    "Supplier Information": {
        "Vendor Name": "Novotech Nutraceuticals, Inc.",
        "Supplier Name": "Novotech Nutraceuticals, Inc.",
        "Supplier Code": null,
        "Raw Material Supplier": null,
        "RM Supplier Code": null,
        "Key RM Identifiers": null
    },
    "Product/Raw Material Information": {
        "Name": "NovoMin NutraMax Magnesium Citrate",
        "Product Code": "2163-30.0",
        "Ingredient Type": null,
        "Potency": null,
        "Category": null,
        "CAS Number": null,
        "Botanical Name": null,
        "Active Ingredient": null,
        "Active Ingredient %": "30%",
        "Unit of Measure": null,
        "Form": "Fine Powder"
    },
    "Nutrition Information": {
        "Nutrient Values": null,
        "Calories": null,
        "Protein": null,
        "Fat": null,
        "Carbohydrates": null,
        "Dietary Fiber": null,
        "Vitamins": null,
        "Minerals": null,
        "Amino Acids": null
    },
    "Physical Properties": {
        "Technical Details": null,
        "Raw Material Color": null,
        "Bulk Density": "Not less than 0.45 g/cc",
        "Tap Density": null,
        "pH": "8-11",
        "Water Activity": null,
        "Loss on Drying": "Not more than 8%",
        "Residue": null,
        "Soluble in": "Slightly Soluble to Not Soluble"
    },
    "Heavy Metals": {
        "Heavy Metal Concentrations": null,
        "Lead": "Not more than 1.0 ppm",
        "Cadmium": "Not more than 0.5 ppm",
        "Arsenic": "Not more than 1.0 ppm",
        "Mercury": "Not more than 0.1 ppm"
    },
    "Contaminants and Allergens": {
        "Allergens": null,
        "Dietary Restrictions": null,
        "Non-GMO": null,
        "Vegan": null,
        "Kosher": null,
        "Organic": null,
        "NSF Sport": null,
        "Prop 65": null,
        "Halal": null,
        "CFU": "<10",
        "IU": null,
        "Enzyme Potency": null
    },
    "Lab Test Definitions": {
        "Specific tests or methods used to evaluate the quality or purity of raw materials": null,
        "Assay Requirement": null,
        "Excepient Pairing": null,
        "Effective Dosage": null
    },
    "Miscellaneous Information": {
        "Country of Origin": "U. S. A",
        "Substantiated Claims": null,
        "Trademark Clause": null,
        "Carrier": null
    }
}