{
    "Supplier Information": {
        "Vendor Name": "Nutrition Formulators",
        "Supplier Name": null,
        "Supplier Code": null,
        "Raw Material Supplier": null,
        "RM Supplier Code": null,
        "Key RM Identifiers": null
    },
    "Product/Raw Material Information": {
        "Name": "CS263006 HYDROLIZED FISH COLLAGEN",
        "Product Code": null,
        "Ingredient Type": null,
        "Potency": null,
        "Category": null,
        "CAS Number": null,
        "Botanical Name": null,
        "Active Ingredient": null,
        "Active Ingredient %": null,
        "Unit of Measure": null,
        "Form": null
    },
    "Nutrition Information": {
        "Nutrient Values": null,
        "Calories": null,
        "Protein": null,
        "Fat": null,
        "Carbohydrates": null,
        "Dietary Fiber": null,
        "Vitamins": null,
        "Minerals": null,
        "Amino Acids": null
    },
    "Physical Properties": {
        "Technical Details": null,
        "Raw Material Color": null,
        "Bulk Density": null,
        "Tap Density": null,
        "pH": null,
        "Water Activity": null,
        "Loss on Drying": null,
        "Residue": null,
        "Soluble in": null
    },
    "Heavy Metals": {
        "Heavy Metal Concentrations": null,
        "Lead": "<0.00500 ppm",
        "Cadmium": "<0.00500 ppm",
        "Arsenic": "0.878 ppm",
        "Mercury": "<0.00500 ppm"
    },
    "Contaminants and Allergens": {
        "Allergens": null,
        "Dietary Restrictions": null,
        "Non-GMO": null,
        "Vegan": null,
        "Kosher": null,
        "Organic": null,
        "NSF Sport": null,
        "Prop 65": null,
        "Halal": null,
        "CFU": null,
        "IU": null,
        "Enzyme Potency": null
    },
    "Lab Test Definitions": {
        "Specific tests or methods used to evaluate the quality or purity of raw materials": "Elements by ICP Mass Spectrometry",
        "Assay Requirement": null,
        "Excepient Pairing": null,
        "Effective Dosage": null
    },
    "Miscellaneous Information": {
        "Country of Origin": null,
        "Substantiated Claims": null,
        "Trademark Clause": null,
        "Carrier": null
    },
    "Report Number": "3575506-0",
    "Report Date": "22-Feb-2022",
    "Report Status": "Final",
    "Sample Name": "CS263006 HYDROLIZED FISH COLLAGEN",
    "Eurofins Sample": "11432611",
    "Project ID": "NUTRI_FORM-20220210-0020",
    "PO Number": "02102022",
    "Lot Number": "NUTR2201024",
    "Description": "TEST",
    "Receipt Date": "14-Feb-2022",
    "Receipt Condition": "Ambient temperature",
    "Login Date": "10-Feb-2022",
    "Date Started": "16-Feb-2022",
    "Sample results apply as received": "Sampled",
    "Online Order": "12047-16C7F9F2",
    "Testing Location": "Food Integrity Innovation-Madison",
    "Released on Behalf of Eurofins by": "Edward Ladwig - President Eurofins Food Chemistry Testing MadisonFood Integrity Innovation-Madison",
    "Eurofins Food Chemistry Testing Madison, Inc.": {
        "Address": "6304 Ronald Reagan Ave",
        "City": "Madison",
        "State": "WI",
        "Zip": "53704",
        "Phone": "800-675-8375"
    },
    "Measurement uncertainty for individual analyses can be obtained upon request.": null,
    "Na Text": "Certificate of Analysis"
}