{
    "Supplier Information": {
        "Vendor Name": "Seagarden",
        "Supplier Name": "Seagarden As",
        "Supplier Code": null,
        "Raw Material Supplier": null,
        "RM Supplier Code": null,
        "Key RM Identifiers": null
    },
    "Product/Raw Material Information": {
        "Name": "9110 Marine Collagen Powder 3KD",
        "Product Code": null,
        "Ingredient Type": null,
        "Potency": null,
        "Category": null,
        "CAS Number": null,
        "Botanical Name": null,
        "Active Ingredient": null,
        "Active Ingredient %": null,
        "Unit of Measure": null,
        "Form": null
    },
    "Nutrition Information": {
        "Nutrient Values": null,
        "Calories": null,
        "Protein": "97 g/100g",
        "Fat": "0.5 g/100g",
        "Carbohydrates": null,
        "Dietary Fiber": null,
        "Vitamins": null,
        "Minerals": null,
        "Amino Acids": null
    },
    "Physical Properties": {
        "Technical Details": null,
        "Raw Material Color": null,
        "Bulk Density": null,
        "Tap Density": null,
        "pH": null,
        "Water Activity": null,
        "Loss on Drying": null,
        "Residue": null,
        "Soluble in": null
    },
    "Heavy Metals": {
        "Heavy Metal Concentrations": null,
        "Lead": "< 0.02 mg/kg",
        "Cadmium": "< 0.005 mg/kg",
        "Arsenic": "0.7 mg/kg",
        "Mercury": "< 0,.1 mg/kg"
    },
    "Contaminants and Allergens": {
        "Allergens": null,
        "Dietary Restrictions": null,
        "Non-GMO": null,
        "Vegan": null,
        "Kosher": null,
        "Organic": null,
        "NSF Sport": null,
        "Prop 65": null,
        "Halal": null,
        "CFU": null,
        "IU": null,
        "Enzyme Potency": null
    },
    "Lab Test Definitions": {
        "Specific tests or methods used to evaluate the quality or purity of raw materials": null,
        "Assay Requirement": null,
        "Excepient Pairing": null,
        "Effective Dosage": null
    },
    "Miscellaneous Information": {
        "Country of Origin": "Norway, FAO 27",
        "Substantiated Claims": null,
        "Trademark Clause": null,
        "Carrier": null
    }
}