{
    "Supplier Information": {
        "Vendor Name": "Deerland Enzymes, Inc",
        "Supplier Name": "Na Text: |",
        "Supplier Code": "Na Text: |",
        "Raw Material Supplier": "Na Text: |",
        "RM Supplier Code": "Na Text: |",
        "Key RM Identifiers": "Na Text: |"
    },
    "Product/Raw Material Information": {
        "Name": "DE111 Probiotic 100 Billion",
        "Product Code": "22102B",
        "Ingredient Type": "Na Text: |",
        "Potency": "Na Text: |",
        "Category": "Na Text: |",
        "CAS Number": "Na Text: |",
        "Botanical Name": "Na Text: |",
        "Active Ingredient": "Bacillus subtilis",
        "Active Ingredient %": "Na Text: |",
        "Unit of Measure": "1000mg",
        "Form": "Na Text: |"
    },
    "Nutrition Information": {
        "Nutrient Values": "Na Text: |",
        "Calories": "Na Text: |",
        "Protein": "Na Text: |",
        "Fat": "Na Text: |",
        "Carbohydrates": "Na Text: |",
        "Dietary Fiber": "Na Text: |",
        "Vitamins": "Na Text: |",
        "Minerals": "Na Text: |",
        "Amino Acids": "Na Text: |"
    },
    "Physical Properties": {
        "Technical Details": "Na Text: |",
        "Raw Material Color": "Na Text: |",
        "Bulk Density": "Na Text: |",
        "Tap Density": "Na Text: |",
        "pH": "Na Text: |",
        "Water Activity": "Na Text: |",
        "Loss on Drying": "Na Text: |",
        "Residue": "Na Text: |",
        "Soluble in": "Na Text: |"
    },
    "Heavy Metals": {
        "Heavy Metal Concentrations": "Na Text: |",
        "Lead": "< 1 ppm",
        "Cadmium": "< 1 ppm",
        "Arsenic": "< 1 ppm",
        "Mercury": "< 1 ppm"
    },
    "Contaminants and Allergens": {
        "Allergens": "Na Text: |",
        "Dietary Restrictions": "Na Text: |",
        "Non-GMO": "Na Text: |",
        "Vegan": "Na Text: |",
        "Kosher": "Na Text: |",
        "Organic": "Na Text: |",
        "NSF Sport": "Na Text: |",
        "Prop 65": "Na Text: |",
        "Halal": "Na Text: |",
        "CFU": "Na Text: |",
        "IU": "Na Text: |",
        "Enzyme Potency": "Na Text: |"
    },
    "Lab Test Definitions": {
        "Specific tests or methods used to evaluate the quality or purity of raw materials": "Na Text: |",
        "Assay Requirement": "Na Text: |",
        "Excepient Pairing": "Na Text: |",
        "Effective Dosage": "Na Text: |"
    },
    "Miscellaneous Information": {
        "Country of Origin": "Na Text: |",
        "Substantiated Claims": "Na Text: |",
        "Trademark Clause": "Na Text: |",
        "Carrier": "Na Text: |"
    }
}