{
    "Supplier Information": {
        "Vendor Name": "BIOFAC A/S",
        "Supplier Name": "BIOFAC",
        "Supplier Code": "350-356 ENGLANDSVEJ DK-2770 KASTRUP . COPENHAGEN DENMARK",
        "Raw Material Supplier": "MARCOR DEVELOPMENT CORP.",
        "RM Supplier Code": "154 PIONEER DRIVE LEOMINSTER, MA 01453 USA",
        "Key RM Identifiers": "Na"
    },
    "Product/Raw Material Information": {
        "Name": "CHICKEN COLLAGEN TYPE 2 (12%CS)",
        "Product Code": "6043 0850",
        "Ingredient Type": "Na",
        "Potency": "Na",
        "Category": "Na",
        "CAS Number": "Na",
        "Botanical Name": "Na",
        "Active Ingredient": "Na",
        "Active Ingredient %": "Na",
        "Unit of Measure": "Kgs",
        "Form": "Na"
    },
    "Nutrition Information": {
        "Nutrient Values": "Na",
        "Calories": "Na",
        "Protein": "78.2 %",
        "Fat": "1.0%",
        "Carbohydrates": "Na",
        "Dietary Fiber": "Na",
        "Vitamins": "Na",
        "Minerals": "Na",
        "Amino Acids": "Na"
    },
    "Physical Properties": {
        "Technical Details": "Na",
        "Raw Material Color": "Na",
        "Bulk Density": "Na",
        "Tap Density": "Na",
        "pH": "Na",
        "Water Activity": "Na",
        "Loss on Drying": "3.8 %",
        "Residue": "Na",
        "Soluble in": "soluble"
    },
    "Heavy Metals": {
        "Heavy Metal Concentrations": "Na",
        "Lead": "V 30 ppm",
        "Cadmium": "Na",
        "Arsenic": "Na",
        "Mercury": "Na"
    },
    "Contaminants and Allergens": {
        "Allergens": "Na",
        "Dietary Restrictions": "Na",
        "Non-GMO": "Na",
        "Vegan": "Na",
        "Kosher": "Na",
        "Organic": "Na",
        "NSF Sport": "Na",
        "Prop 65": "Na",
        "Halal": "Na",
        "CFU": "Na",
        "IU": "Na",
        "Enzyme Potency": "Na"
    },
    "Lab Test Definitions": {
        "Specific tests or methods used to evaluate the quality or purity of raw materials": "Na",
        "Assay Requirement": "Na",
        "Excepient Pairing": "Na",
        "Effective Dosage": "Na"
    },
    "Miscellaneous Information": {
        "Country of Origin": "Na",
        "Substantiated Claims": "Na",
        "Trademark Clause": "Na",
        "Carrier": "Na"
    }
}