{
    "Supplier Information": {
        "Vendor Name": "Novotech Nutraceuticals, Inc.",
        "Supplier Name": "Novotech Nutraceuticals, Inc.",
        "Supplier Code": "Na Text",
        "Raw Material Supplier": "Na Text",
        "RM Supplier Code": "Na Text",
        "Key RM Identifiers": "Na Text"
    },
    "Product/Raw Material Information": {
        "Name": "NovoMin NutraPure Calcium Citrate Granular",
        "Product Code": "1023 G",
        "Ingredient Type": "Na Text",
        "Potency": "21 % Ca",
        "Category": "Na Text",
        "CAS Number": "Na Text",
        "Botanical Name": "Na Text",
        "Active Ingredient": "Na Text",
        "Active Ingredient %": "Na Text",
        "Unit of Measure": "Na Text",
        "Form": "Granular"
    },
    "Nutrition Information": {
        "Nutrient Values": "Na Text",
        "Calories": "Na Text",
        "Protein": "Na Text",
        "Fat": "Na Text",
        "Carbohydrates": "Na Text",
        "Dietary Fiber": "Na Text",
        "Vitamins": "Na Text",
        "Minerals": "Na Text",
        "Amino Acids": "Na Text"
    },
    "Physical Properties": {
        "Technical Details": "Na Text",
        "Raw Material Color": "White to off-white",
        "Bulk Density": "Not less than 0.60 g/cc",
        "Tap Density": "Na Text",
        "pH": "7.7",
        "Water Activity": "Na Text",
        "Loss on Drying": "12.2%",
        "Residue": "Na Text",
        "Soluble in": "Not soluble"
    },
    "Heavy Metals": {
        "Heavy Metal Concentrations": "Na Text",
        "Lead": "0.518 ppm",
        "Cadmium": "0.005 ppm",
        "Arsenic": "0.080 ppm",
        "Mercury": "Not Detected"
    },
    "Contaminants and Allergens": {
        "Allergens": "Na Text",
        "Dietary Restrictions": "Na Text",
        "Non-GMO": "Na Text",
        "Vegan": "Na Text",
        "Kosher": "Na Text",
        "Organic": "Na Text",
        "NSF Sport": "Na Text",
        "Prop 65": "Na Text",
        "Halal": "Na Text",
        "CFU": "<10",
        "IU": "Na Text",
        "Enzyme Potency": "Na Text"
    },
    "Lab Test Definitions": {
        "Specific tests or methods used to evaluate the quality or purity of raw materials": "Na Text",
        "Assay Requirement": "Na Text",
        "Excepient Pairing": "Na Text",
        "Effective Dosage": "Na Text"
    },
    "Miscellaneous Information": {
        "Country of Origin": "U.S.A",
        "Substantiated Claims": "Na Text",
        "Trademark Clause": "Na Text",
        "Carrier": "Na Text"
    }
}