{
    "Supplier Information": {
        "Vendor Name": "N/A",
        "Supplier Name": "N/A",
        "Supplier Code": "N/A",
        "Raw Material Supplier": "N/A",
        "RM Supplier Code": "N/A",
        "Key RM Identifiers": "N/A"
    },
    "Product/Raw Material Information": {
        "Name": "5-HTP",
        "Product Code": "N/A",
        "Ingredient Type": "N/A",
        "Potency": "N/A",
        "Category": "N/A",
        "CAS Number": "4350-09-8",
        "Botanical Name": "N/A",
        "Active Ingredient": "C11H12N2O3",
        "Active Ingredient %": "N/A",
        "Unit of Measure": "N/A",
        "Form": "White to off-white powder"
    },
    "Nutrition Information": {
        "Nutrient Values": "N/A",
        "Calories": "N/A",
        "Protein": "N/A",
        "Fat": "N/A",
        "Carbohydrates": "N/A",
        "Dietary Fiber": "N/A",
        "Vitamins": "N/A",
        "Minerals": "N/A",
        "Amino Acids": "N/A"
    },
    "Physical Properties": {
        "Technical Details": "N/A",
        "Raw Material Color": "N/A",
        "Bulk Density": "0.41g/ml",
        "Tap Density": "0.64g/ml",
        "pH": "4.9",
        "Water Activity": "N/A",
        "Loss on Drying": "0.2%",
        "Residue": "0.1%",
        "Soluble in": "N/A"
    },
    "Heavy Metals": {
        "Heavy Metal Concentrations": "N/A",
        "Lead": "<0.5 ppm",
        "Cadmium": "<0.1ppm",
        "Arsenic": "<0.5ppm",
        "Mercury": "<0.1ppm"
    },
    "Contaminants and Allergens": {
        "Allergens": "N/A",
        "Dietary Restrictions": "N/A",
        "Non-GMO": "Non-GMO",
        "Vegan": "N/A",
        "Kosher": "N/A",
        "Organic": "N/A",
        "NSF Sport": "N/A",
        "Prop 65": "N/A",
        "Halal": "N/A",
        "CFU": "N/A",
        "IU": "N/A",
        "Enzyme Potency": "N/A"
    },
    "Lab Test Definitions": {
        "Specific tests or methods used to evaluate the quality or purity of raw materials": "N/A",
        "Assay Requirement": "HPLC",
        "Excepient Pairing": "N/A",
        "Effective Dosage": "N/A"
    },
    "Miscellaneous Information": {
        "Country of Origin": "N/A",
        "Substantiated Claims": "The Product conform to the Enterprise Standard",
        "Trademark Clause": "N/A",
        "Carrier": "N/A"
    }
}