{
    "Supplier Information": {
        "Vendor Name": "CHENGDU OKAY PHARMACEUTICAL CO., LTD",
        "Supplier Name": "Okay",
        "Supplier Code": null,
        "Raw Material Supplier": null,
        "RM Supplier Code": null,
        "Key RM Identifiers": null
    },
    "Product/Raw Material Information": {
        "Name": "Quercetin Dihydrate",
        "Product Code": "QAF03-2101008",
        "Ingredient Type": null,
        "Potency": null,
        "Category": null,
        "CAS Number": "6151-25-3",
        "Botanical Name": "Sophorae Japonica",
        "Active Ingredient": null,
        "Active Ingredient %": null,
        "Unit of Measure": null,
        "Form": "Yellow powder"
    },
    "Nutrition Information": {
        "Nutrient Values": null,
        "Calories": null,
        "Protein": null,
        "Fat": null,
        "Carbohydrates": null,
        "Dietary Fiber": null,
        "Vitamins": null,
        "Minerals": null,
        "Amino Acids": null
    },
    "Physical Properties": {
        "Technical Details": null,
        "Raw Material Color": null,
        "Bulk Density": "0.16 gm/cc",
        "Tap Density": null,
        "pH": null,
        "Water Activity": null,
        "Loss on Drying": null,
        "Residue": null,
        "Soluble in": null
    },
    "Heavy Metals": {
        "Heavy Metal Concentrations": null,
        "Lead": "<3.0ppm",
        "Cadmium": "<1.0ppm",
        "Arsenic": "<1.0ppm",
        "Mercury": "<0.1ppm"
    },
    "Contaminants and Allergens": {
        "Allergens": null,
        "Dietary Restrictions": null,
        "Non-GMO": "Not genetically modified organism.",
        "Vegan": null,
        "Kosher": "Kof-K ID:K-0000657",
        "Organic": null,
        "NSF Sport": null,
        "Prop 65": null,
        "Halal": null,
        "CFU": null,
        "IU": null,
        "Enzyme Potency": null
    },
    "Lab Test Definitions": {
        "Specific tests or methods used to evaluate the quality or purity of raw materials": null,
        "Assay Requirement": "95.0%",
        "Excepient Pairing": null,
        "Effective Dosage": null
    },
    "Miscellaneous Information": {
        "Country of Origin": "P.R. China",
        "Substantiated Claims": null,
        "Trademark Clause": null,
        "Carrier": null
    }
}