{
    "Supplier Information": {
        "Vendor Name": "VASA PHARMACHEM PVT. LTD",
        "Supplier Name": "GENERICHEM CORP",
        "Supplier Code": null,
        "Raw Material Supplier": null,
        "RM Supplier Code": null,
        "Key RM Identifiers": null
    },
    "Product/Raw Material Information": {
        "Name": "CALCIUM CITRATE USP (DC GRADE/GRANULAR)",
        "Product Code": "CCT5-D-DC",
        "Ingredient Type": null,
        "Potency": null,
        "Category": null,
        "CAS Number": null,
        "Botanical Name": null,
        "Active Ingredient": null,
        "Active Ingredient %": null,
        "Unit of Measure": null,
        "Form": "granular powder"
    },
    "Nutrition Information": {
        "Nutrient Values": null,
        "Calories": null,
        "Protein": null,
        "Fat": null,
        "Carbohydrates": null,
        "Dietary Fiber": null,
        "Vitamins": null,
        "Minerals": null,
        "Amino Acids": null
    },
    "Physical Properties": {
        "Technical Details": null,
        "Raw Material Color": "White to off-white",
        "Bulk Density": "0.75 g/ml",
        "Tap Density": null,
        "pH": null,
        "Water Activity": null,
        "Loss on Drying": "11.96% w/w",
        "Residue": null,
        "Soluble in": "hydrochloric acid"
    },
    "Heavy Metals": {
        "Heavy Metal Concentrations": null,
        "Lead": "<0.09 ppm.(IH)",
        "Cadmium": "<0.76 ppm.",
        "Arsenic": "<1 ppm.(IH)",
        "Mercury": "<0.06 ppm"
    },
    "Contaminants and Allergens": {
        "Allergens": null,
        "Dietary Restrictions": null,
        "Non-GMO": null,
        "Vegan": null,
        "Kosher": null,
        "Organic": null,
        "NSF Sport": null,
        "Prop 65": null,
        "Halal": null,
        "CFU": null,
        "IU": null,
        "Enzyme Potency": null
    },
    "Lab Test Definitions": {
        "Specific tests or methods used to evaluate the quality or purity of raw materials": null,
        "Assay Requirement": null,
        "Excepient Pairing": null,
        "Effective Dosage": null
    },
    "Miscellaneous Information": {
        "Country of Origin": "INDIA",
        "Substantiated Claims": null,
        "Trademark Clause": null,
        "Carrier": null
    }
}