{
    "Supplier Information": {
        "Vendor Name": "Novotech Nutraceuticals, Inc.",
        "Supplier Name": "Novotech Nutraceuticals, Inc.",
        "Supplier Code": "Na Text",
        "Raw Material Supplier": "Na Text",
        "RM Supplier Code": "Na Text",
        "Key RM Identifiers": "Na Text"
    },
    "Product/Raw Material Information": {
        "Name": "NovoMin Magnesium Oxide",
        "Product Code": "1180m",
        "Ingredient Type": "Na Text",
        "Potency": "Na Text",
        "Category": "Na Text",
        "CAS Number": "Na Text",
        "Botanical Name": "Na Text",
        "Active Ingredient": "Na Text",
        "Active Ingredient %": "60%",
        "Unit of Measure": "Na Text",
        "Form": "Na Text"
    },
    "Nutrition Information": {
        "Nutrient Values": "Na Text",
        "Calories": "Na Text",
        "Protein": "Na Text",
        "Fat": "Na Text",
        "Carbohydrates": "Na Text",
        "Dietary Fiber": "Na Text",
        "Vitamins": "Na Text",
        "Minerals": "Na Text",
        "Amino Acids": "Na Text"
    },
    "Physical Properties": {
        "Technical Details": "Na Text",
        "Raw Material Color": "Na Text",
        "Bulk Density": "Not less than 0.35 g/ml",
        "Tap Density": "Na Text",
        "pH": "10.9",
        "Water Activity": "Na Text",
        "Loss on Drying": "Not more than 5% 0.3%",
        "Residue": "Na Text",
        "Soluble in": "Slightly Soluble to Not Soluble"
    },
    "Heavy Metals": {
        "Heavy Metal Concentrations": "Na Text",
        "Lead": "<2.0 ppm",
        "Cadmium": "<0.5 ppm",
        "Arsenic": "<3.0 ppm",
        "Mercury": "<1.0 ppm"
    },
    "Contaminants and Allergens": {
        "Allergens": "Na Text",
        "Dietary Restrictions": "Na Text",
        "Non-GMO": "Na Text",
        "Vegan": "Na Text",
        "Kosher": "Na Text",
        "Organic": "Na Text",
        "NSF Sport": "Na Text",
        "Prop 65": "Na Text",
        "Halal": "Na Text",
        "CFU": "Na Text",
        "IU": "Na Text",
        "Enzyme Potency": "Na Text"
    },
    "Lab Test Definitions": {
        "Specific tests or methods used to evaluate the quality or purity of raw materials": "Na Text",
        "Assay Requirement": "Na Text",
        "Excepient Pairing": "Na Text",
        "Effective Dosage": "Na Text"
    },
    "Miscellaneous Information": {
        "Country of Origin": "Na Text",
        "Substantiated Claims": "Na Text",
        "Trademark Clause": "Na Text",
        "Carrier": "Na Text"
    },
    "Certificate of Analysis": {
        "Mineral Content": "60% Mg",
        "Manufacturing Date": "08/28/2020",
        "Product No": "1180m",
        "Date of Retest": "08/27/2023",
        "Lot No": "28204908",
        "Batch Series": "1 04344",
        "Testing Parameters": {
            "Mineral Content": {
                "Limits": "56-65%",
                "Results": "60.0%",
                "Test Method": "ICP"
            },
            "Physical and Chemical Characteristics": {
                "Acid Insolubles": {
                    "Limits": "NMT 0.1%",
                    "Results": "<0.010%",
                    "Test Method": "Refer to FCC 9th Edition"
                },
                "Free alkalies - soluble": {
                    "Limits": "NMT 10 mg of residue",
                    "Results": "4.2 mg",
                    "Test Method": "Refer to FCC 9th Edition"
                },
                "Loss on ignition": {
                    "Limits": "NMT 10%",
                    "Results": "0.32%",
                    "Test Method": "Refer to FCC 9th Edition"
                },
                "Calcium Oxide": {
                    "Limits": "NMT 1.1%",
                    "Results": "0.64%",
                    "Test Method": "ICP"
                },
                "Appearance": {
                    "Limits": "Fine, White Powder",
                    "Results": "Fine, White Powder",
                    "Test Method": "Visual"
                },
                "Density": {
                    "Limits": "Not less than 0.35 g/ml",
                    "Results": "Conformed",
                    "Test Method": "USP 616"
                },
                "Loss on Drying at 105\u00b0C": {
                    "Limits": "Not more than 5%",
                    "Results": "0.3%",
                    "Test Method": "USP 731"
                },
                "pH": {
                    "Limits": "10-13",
                    "Results": "10.9",
                    "Test Method": "EPA 9045/ USP 791"
                },
                "Solubility": {
                    "Limits": "Slightly Soluble to Not Soluble",
                    "Results": "Not Soluble",
                    "Test Method": "Standard Lab Soluble Test"
                }
            },
            "Heavy Metals*": {
                "Lead": {
                    "Limits": "Not more than 2.0 ppm",
                    "Results": "<2.0 ppm",
                    "Test Method": "EPA 6020A / AOAC 974.02"
                },
                "Cadmium": {
                    "Limits": "Not more than 0.5 ppm",
                    "Results": "<0.5 ppm",
                    "Test Method": "EPA 6020A / AOAC 974.02"
                },
                "Mercury": {
                    "Limits": "Not more than 1.0 ppm",
                    "Results": "<1.0 ppm",
                    "Test Method": "EPA 6020A / AOAC 974.02"
                },
                "Arsenic": {
                    "Limits": "Not more than 3.0 ppm",
                    "Results": "<3.0 ppm",
                    "Test Method": "EPA 6020A / AOAC 974.02"
                }
            },
            "Microbiological Analysis": {
                "Total Plate Count": {
                    "Limits": "Less than 1,000 CFU/g",
                    "Results": "<10",
                    "Test Method": "USP 61"
                },
                "Mold & Yeast": {
                    "Limits": "Less than 100 CFU/g",
                    "Results": "<10",
                    "Test Method": "USP 61"
                },
                "Coliforms": {
                    "Limits": "Less than 10 CFU/g",
                    "Results": "<10",
                    "Test Method": "USP 62"
                },
                "Staphylococcus aurous": {
                    "Limits": "Negative",
                    "Results": "Negative",
                    "Test Method": "USP 62"
                },
                "E. Coli": {
                    "Limits": "Negative",
                    "Results": "Negative",
                    "Test Method": "USP 62"
                },
                "Salmonella": {
                    "Limits": "Negative /25g",
                    "Results": "Negative",
                    "Test Method": "USP 62"
                }
            }
        }
    }
}