{
    "Supplier Information": {
        "Vendor Name": "Wow Logistics",
        "Supplier Name": "",
        "Supplier Code": "",
        "Raw Material Supplier": "",
        "RM Supplier Code": "",
        "Key RM Identifiers": ""
    },
    "Product/Raw Material Information": {
        "Name": "Bacillus Subtilis",
        "Product Code": "122264",
        "Ingredient Type": "",
        "Potency": "",
        "Category": "",
        "CAS Number": "",
        "Botanical Name": "",
        "Active Ingredient": "",
        "Active Ingredient %": "",
        "Unit of Measure": "5KG",
        "Form": "Free-flowing crystal powder"
    },
    "Nutrition Information": {
        "Nutrient Values": "",
        "Calories": "",
        "Protein": "",
        "Fat": "",
        "Carbohydrates": "",
        "Dietary Fiber": "",
        "Vitamins": "",
        "Minerals": "",
        "Amino Acids": ""
    },
    "Physical Properties": {
        "Technical Details": "",
        "Raw Material Color": "",
        "Bulk Density": "",
        "Tap Density": "",
        "pH": "",
        "Water Activity": "",
        "Loss on Drying": "6 %",
        "Residue": "",
        "Soluble in": ""
    },
    "Heavy Metals": {
        "Heavy Metal Concentrations": "",
        "Lead": "0.1 mg/kg",
        "Cadmium": "< 0.0 mg/kg",
        "Arsenic": "< 0.0 mg/kg",
        "Mercury": "< 0.0 mg/kg"
    },
    "Contaminants and Allergens": {
        "Allergens": "",
        "Dietary Restrictions": "",
        "Non-GMO": "",
        "Vegan": "",
        "Kosher": "",
        "Organic": "",
        "NSF Sport": "",
        "Prop 65": "",
        "Halal": "",
        "CFU": "",
        "IU": "",
        "Enzyme Potency": ""
    },
    "Lab Test Definitions": {
        "Specific tests or methods used to evaluate the quality or purity of raw materials": "",
        "Assay Requirement": "",
        "Excepient Pairing": "",
        "Effective Dosage": ""
    },
    "Miscellaneous Information": {
        "Country of Origin": "",
        "Substantiated Claims": "",
        "Trademark Clause": "",
        "Carrier": ""
    },
    "Certificate of Analysis": "Na Text"
}