{
    "Supplier Information": {
        "Vendor Name": "Eurofins",
        "Supplier Name": "",
        "Supplier Code": "",
        "Raw Material Supplier": "",
        "RM Supplier Code": "",
        "Key RM Identifiers": ""
    },
    "Product/Raw Material Information": {
        "Name": "BioPS\u00ae Phosphatidylserine 20% Powder",
        "Product Code": "1808837",
        "Ingredient Type": "",
        "Potency": "",
        "Category": "",
        "CAS Number": "84776-79-4",
        "Botanical Name": "",
        "Active Ingredient": "",
        "Active Ingredient %": "",
        "Unit of Measure": "",
        "Form": "Powder"
    },
    "Nutrition Information": {
        "Nutrient Values": "",
        "Calories": "",
        "Protein": "",
        "Fat": "",
        "Carbohydrates": "",
        "Dietary Fiber": "",
        "Vitamins": "",
        "Minerals": "",
        "Amino Acids": ""
    },
    "Physical Properties": {
        "Technical Details": "",
        "Raw Material Color": "Light Yellow to Brown",
        "Bulk Density": "0.50g/ml",
        "Tap Density": "",
        "pH": "",
        "Water Activity": "",
        "Loss on Drying": "",
        "Residue": "",
        "Soluble in": ""
    },
    "Heavy Metals": {
        "Heavy Metal Concentrations": "",
        "Lead": "<0.5ppm",
        "Cadmium": "<0.1ppm",
        "Arsenic": "<0.5ppm",
        "Mercury": "<0.1ppm"
    },
    "Contaminants and Allergens": {
        "Allergens": "",
        "Dietary Restrictions": "",
        "Non-GMO": "Certified Non-GMO",
        "Vegan": "",
        "Kosher": "",
        "Organic": "",
        "NSF Sport": "",
        "Prop 65": "",
        "Halal": "",
        "CFU": "",
        "IU": "",
        "Enzyme Potency": ""
    },
    "Lab Test Definitions": {
        "Specific tests or methods used to evaluate the quality or purity of raw materials": "",
        "Assay Requirement": "",
        "Excepient Pairing": "",
        "Effective Dosage": ""
    },
    "Miscellaneous Information": {
        "Country of Origin": "China",
        "Substantiated Claims": "",
        "Trademark Clause": "",
        "Carrier": ""
    },
    "Product Name": "BioPS\u00ae Phosphatidylserine 20% Powder, Eurofins IP Certified Non-GMO",
    "Batch No.": "PSOY112101P",
    "P/O NO.": "",
    "QUANTITY": "100G",
    "PACKAGE": "50g/Bag",
    "MFG.DATE": "NOV. 26, 2021",
    "RETEST. DATE": "NOV. 25, 2024",
    "Product Characteristics": {
        "Formula weight": "750~850",
        "Description": "Light Yellow to Brown Powder",
        "Source": "Non-GMO Soybeans",
        "Shelf life": "3 years",
        "Excipients": "1.0~1.5% Silicon Dioxide",
        "Solvents Used": "Ethanol & water"
    },
    "Test Items": {
        "Identification": "Positive",
        "Phosphatidylserine": "20.0~25%",
        "Moisture": "\u22641.0%",
        "Peroxide Value": "\u22645.0meq/kg",
        "Particle Size": "\u226590% smaller than 250\u03bcm",
        "Bulk Density": "\u22650.30g/ml"
    },
    "Microbiological Profile": {
        "Total Plate Count": "\u22641,000cfu/g",
        "Yeast & Mold": "\u2264100cfu/g",
        "E.coli": "Negative",
        "Salmonella": "Negative"
    },
    "Additional Testing": {
        "Lead*": "\u22640.5ppm",
        "Arsenic*": "\u22640.5ppm",
        "Cadmium*": "\u22640.1ppm",
        "Mercury*": "\u22640.1ppm",
        "Aflatoxin(B1, B2, G1, G2)*": "\u22644.0ppb",
        "Ethanol*": "\u22640.5%",
        "Pesticides residue*": "Meet with EU reg.396/2005",
        "PAH4*": "\u226410.0ppb"
    },
    "Conclusion": "Complies with Specifications.",
    "Storage & Packaging": "Store in tightly closed containers at room temperature. Protected from moisture and pest infestation.",
    "Stamp and Signature": "Na Text: Certificate of Analysis"
}