{
    "Supplier Information": {
        "Vendor Name": null,
        "Supplier Name": null,
        "Supplier Code": null,
        "Raw Material Supplier": null,
        "RM Supplier Code": null,
        "Key RM Identifiers": null
    },
    "Product/Raw Material Information": {
        "Name": "EMOTHION",
        "Product Code": null,
        "Ingredient Type": null,
        "Potency": null,
        "Category": null,
        "CAS Number": null,
        "Botanical Name": null,
        "Active Ingredient": "(S-Acetyl)-L-Glutathione",
        "Active Ingredient %": null,
        "Unit of Measure": null,
        "Form": "crystalline powder with characteristic odour"
    },
    "Nutrition Information": {
        "Nutrient Values": null,
        "Calories": null,
        "Protein": null,
        "Fat": null,
        "Carbohydrates": null,
        "Dietary Fiber": null,
        "Vitamins": null,
        "Minerals": null,
        "Amino Acids": null
    },
    "Physical Properties": {
        "Technical Details": null,
        "Raw Material Color": "White or almost white",
        "Bulk Density": "0,25 - 0,40 g/ml",
        "Tap Density": "0,30 - 0,60 g/ml",
        "pH": null,
        "Water Activity": null,
        "Loss on Drying": "<= 1,0 %",
        "Residue": null,
        "Soluble in": null
    },
    "Heavy Metals": {
        "Heavy Metal Concentrations": null,
        "Lead": "<= 0,5 ppm",
        "Cadmium": "<= 0,5 ppm",
        "Arsenic": "<= 1,5 ppm",
        "Mercury": "<= 0,1 ppm"
    },
    "Contaminants and Allergens": {
        "Allergens": null,
        "Dietary Restrictions": null,
        "Non-GMO": null,
        "Vegan": null,
        "Kosher": null,
        "Organic": null,
        "NSF Sport": null,
        "Prop 65": null,
        "Halal": null,
        "CFU": "<= 10 3 CFU/g",
        "IU": null,
        "Enzyme Potency": null
    },
    "Lab Test Definitions": {
        "Specific tests or methods used to evaluate the quality or purity of raw materials": null,
        "Assay Requirement": "97,0 - 102,0 %",
        "Excepient Pairing": null,
        "Effective Dosage": null
    },
    "Miscellaneous Information": {
        "Country of Origin": null,
        "Substantiated Claims": null,
        "Trademark Clause": null,
        "Carrier": null
    }
}