{
    "Supplier Information": {
        "Vendor Name": "Na Text: Method Result",
        "Supplier Name": "Na Text: Method Result",
        "Supplier Code": "Na Text: Method Result",
        "Raw Material Supplier": "Na Text: Method Result",
        "RM Supplier Code": "Na Text: Method Result",
        "Key RM Identifiers": "Na Text: Method Result"
    },
    "Product/Raw Material Information": {
        "Name": "Pyridoxine Hydrochloride 97% DC",
        "Product Code": "Na Text: Method Result",
        "Ingredient Type": "Na Text: Method Result",
        "Potency": "Na Text: Method Result",
        "Category": "Na Text: Method Result",
        "CAS Number": "Na Text: Method Result",
        "Botanical Name": "Na Text: Method Result",
        "Active Ingredient": "Na Text: Method Result",
        "Active Ingredient %": "Na Text: Method Result",
        "Unit of Measure": "Na Text: Method Result",
        "Form": "Na Text: Method Result"
    },
    "Nutrition Information": {
        "Nutrient Values": "Na Text: Method Result",
        "Calories": "Na Text: Method Result",
        "Protein": "Na Text: Method Result",
        "Fat": "Na Text: Method Result",
        "Carbohydrates": "Na Text: Method Result",
        "Dietary Fiber": "Na Text: Method Result",
        "Vitamins": "Na Text: Method Result",
        "Minerals": "Na Text: Method Result",
        "Amino Acids": "Na Text: Method Result"
    },
    "Physical Properties": {
        "Technical Details": "Na Text: Method Result",
        "Raw Material Color": "Visual White or yellowish granule",
        "Bulk Density": "Na Text: Method Result",
        "Tap Density": "Na Text: Method Result",
        "pH": "Na Text: Method Result",
        "Water Activity": "Na Text: Method Result",
        "Loss on Drying": "NMT 0.5% EP \uff1c0.09%",
        "Residue": "Na Text: Method Result",
        "Soluble in": "Na Text: Method Result"
    },
    "Heavy Metals": {
        "Heavy Metal Concentrations": "Na Text: Method Result",
        "Lead": "\u22640.5 mg/kg",
        "Cadmium": "\u22640.1 mg/kg",
        "Arsenic": "\u22640.5 mg/kg",
        "Mercury": "Na Text: Method Result"
    },
    "Contaminants and Allergens": {
        "Allergens": "Na Text: Method Result",
        "Dietary Restrictions": "Na Text: Method Result",
        "Non-GMO": "Na Text: Method Result",
        "Vegan": "Na Text: Method Result",
        "Kosher": "Na Text: Method Result",
        "Organic": "Na Text: Method Result",
        "NSF Sport": "Na Text: Method Result",
        "Prop 65": "Na Text: Method Result",
        "Halal": "Na Text: Method Result",
        "CFU": "Na Text: Method Result",
        "IU": "Na Text: Method Result",
        "Enzyme Potency": "Na Text: Method Result"
    },
    "Lab Test Definitions": {
        "Specific tests or methods used to evaluate the quality or purity of raw materials": "Na Text: Method Result",
        "Assay Requirement": "Na Text: Method Result",
        "Excepient Pairing": "Na Text: Method Result",
        "Effective Dosage": "Na Text: Method Result"
    },
    "Miscellaneous Information": {
        "Country of Origin": "Na Text: Method Result",
        "Substantiated Claims": "Na Text: Method Result",
        "Trademark Clause": "Na Text: Method Result",
        "Carrier": "Na Text: Method Result"
    },
    "Other Information": {
        "Visual": "White or yellowish granule",
        "ChPA": "blue color appears in tube A, which fades rapidly and becomes red in a few minutes, but no blue color appears in tube B; white curdy precipitate is formed with silver nitrate, the precipitate is insoluble in nitric acid but dissolves readily in ammonia; \uff1c0.001%",
        "EP": "0.09%, 0.04%, NMT 0.5%",
        "Specification": "Residual solvent - Ethanol; Particle size; Sulphated ash; NLT 99%",
        "Package": "25 kg per carton",
        "Reporting date": "Feb 28, 2020",
        "Article No.": "03301",
        "Manufacturing date": "Feb 25, 2020",
        "Package size": "390 \u00d7  290 \u00d7  320 (mm)",
        "Retest date": "Feb 24, 2023",
        "Batch No.": "PH97-2002008",
        "Irradiation / ETO treatment": "No",
        "Sieving": "in-house",
        "Loss on drying": "NMT 0.5%",
        "Result": "\uff1c0.5 mg/kg, \uff1c0.5mg/kg, \uff1c0.5 mg/kg, \uff1c0.1 mg/kg, \uff1c100 cfu/g, \uff1c10 cfu/g, Negative, Negative, Negative",
        "Excipient": "HPMC",
        "Total Yeasts and Moulds Count": "NMT 10 cfu/g",
        "Total Aerobic Microbial Count": "Negative",
        "S. Aureus": "Negative",
        "Salmonella": "ChP",
        "Preserve in tightly closed containers, protected from light.": "Na Text: Method Result",
        "Conclusion": "ChP",
        "This batch complies with the in-house specification and additional requirements for heavy metals and microbials.": "ChP"
    }
}