{
    "Supplier Information": {
        "Vendor Name": "Novotech Nutraceuticals, Inc.",
        "Supplier Name": "Novotech Nutraceuticals, Inc.",
        "Supplier Code": null,
        "Raw Material Supplier": null,
        "RM Supplier Code": null,
        "Key RM Identifiers": null
    },
    "Product/Raw Material Information": {
        "Name": "Novo Omega \u00ae Omega -3 DHA Powder A-32",
        "Product Code": "6 032A",
        "Ingredient Type": null,
        "Potency": null,
        "Category": null,
        "CAS Number": null,
        "Botanical Name": "Microalgae - Schizochytrium sp.",
        "Active Ingredient": "Omega-3 Fatty Acid DHA",
        "Active Ingredient %": "32%",
        "Unit of Measure": null,
        "Form": "Powder"
    },
    "Nutrition Information": {
        "Nutrient Values": null,
        "Calories": null,
        "Protein": null,
        "Fat": null,
        "Carbohydrates": null,
        "Dietary Fiber": null,
        "Vitamins": null,
        "Minerals": null,
        "Amino Acids": null
    },
    "Physical Properties": {
        "Technical Details": null,
        "Raw Material Color": null,
        "Bulk Density": "Not less than 0.30 g/cc",
        "Tap Density": null,
        "pH": "8-10",
        "Water Activity": null,
        "Loss on Drying": null,
        "Residue": null,
        "Soluble in": "Slightly Soluble to Not Soluble"
    },
    "Heavy Metals": {
        "Heavy Metal Concentrations": null,
        "Lead": "<1.0 ppm",
        "Cadmium": "<0.3 ppm",
        "Arsenic": "<1.0 ppm",
        "Mercury": "<0.1 ppm"
    },
    "Contaminants and Allergens": {
        "Allergens": null,
        "Dietary Restrictions": null,
        "Non-GMO": null,
        "Vegan": null,
        "Kosher": null,
        "Organic": null,
        "NSF Sport": null,
        "Prop 65": null,
        "Halal": null,
        "CFU": "<10",
        "IU": null,
        "Enzyme Potency": null
    },
    "Lab Test Definitions": {
        "Specific tests or methods used to evaluate the quality or purity of raw materials": null,
        "Assay Requirement": null,
        "Excepient Pairing": null,
        "Effective Dosage": null
    },
    "Miscellaneous Information": {
        "Country of Origin": "U. S. A.",
        "Substantiated Claims": null,
        "Trademark Clause": null,
        "Carrier": null
    }
}