{
    "Supplier Information": {
        "Vendor Name": "NUTRITION FORMULATORS, INC.",
        "Supplier Name": null,
        "Supplier Code": null,
        "Raw Material Supplier": null,
        "RM Supplier Code": null,
        "Key RM Identifiers": null
    },
    "Product/Raw Material Information": {
        "Name": "Alpha Amylase",
        "Product Code": null,
        "Ingredient Type": null,
        "Potency": "30,000 SKB/g",
        "Category": null,
        "CAS Number": null,
        "Botanical Name": null,
        "Active Ingredient": null,
        "Active Ingredient %": null,
        "Unit of Measure": null,
        "Form": null
    },
    "Nutrition Information": {
        "Nutrient Values": null,
        "Calories": null,
        "Protein": null,
        "Fat": null,
        "Carbohydrates": null,
        "Dietary Fiber": null,
        "Vitamins": null,
        "Minerals": null,
        "Amino Acids": null
    },
    "Physical Properties": {
        "Technical Details": null,
        "Raw Material Color": null,
        "Bulk Density": null,
        "Tap Density": null,
        "pH": null,
        "Water Activity": null,
        "Loss on Drying": null,
        "Residue": null,
        "Soluble in": null
    },
    "Heavy Metals": {
        "Heavy Metal Concentrations": null,
        "Lead": "<0.3 PPM(ICP)",
        "Cadmium": null,
        "Arsenic": null,
        "Mercury": null
    },
    "Contaminants and Allergens": {
        "Allergens": null,
        "Dietary Restrictions": null,
        "Non-GMO": null,
        "Vegan": null,
        "Kosher": null,
        "Organic": null,
        "NSF Sport": null,
        "Prop 65": null,
        "Halal": null,
        "CFU": "<=3,000 CFU/g (Soleris MICB system)",
        "IU": null,
        "Enzyme Potency": null
    },
    "Lab Test Definitions": {
        "Specific tests or methods used to evaluate the quality or purity of raw materials": null,
        "Assay Requirement": null,
        "Excepient Pairing": null,
        "Effective Dosage": null
    },
    "Miscellaneous Information": {
        "Country of Origin": "Denmark",
        "Substantiated Claims": null,
        "Trademark Clause": null,
        "Carrier": null
    },
    "Purchase Order": "XXXXX",
    "CERTIFICATE OF ANALYSIS": null,
    "Enzyme Activity": null,
    "Moisture": null,
    "Color": "Off-White to Light Tan",
    "FTIR Identity": null,
    "Aerobic Total Plate Count": "<=3,000 CFU/g (Soleris MICB system)",
    "Yeast and Mold": "<=300 CFU/g (Soleris MICB system)",
    "Salmonella": "Negative/25 g (Soleris MICB system)",
    "ColiformsTest Test Result": "<=30 CFU/g (Soleris MICB system)",
    "E.coli": "Negative/25 g (Soleris MICB system)",
    "LeadProduct Acceptance Criteria": "Not less than 30,000 SKB/g\u00b9",
    "Not more than 10.0% loss (Ohaus MB-45)": null,
    "\u226415% difference from previous lot (PE Spectrum)": null,
    "Non\u2010genetically modified Aspergillus oryzae": null,
    "Additional Ingredients": "Maltodextrin from waxy maize, Potato dextrin",
    "Storage": "Store in a cool, dry environment",
    "Expiration Date": "XX/XX/XXXX if properly stored",
    "Country of Enzyme Origin": null,
    "QA / QC DIRECTOR": null,
    "Telephone Production Organism": null,
    "Fax": "(800) 545-9052(434) 589-4777",
    "Address": "Three Notch RoadTroy VA 22974",
    "Reviewed By": "BIO-CAT Inc.",
    "Written Permission": "This Certificate shall not be reproduced except in full without written permission of BIO-CAT Inc."
}